r,policy,cost,q,attempts
1.0,single_points,9.276904106140137,0.6886034607887268,
1.0,single_points,3.808478832244873,0.5986934900283813,
1.0,single_points,21.59095001220703,0.6914580464363098,
1.0,single_points,6.0883708000183105,0.6564229726791382,
1.0,single_points,13.404322624206543,0.6935550570487976,
1.0,single_points,0.8387231826782227,0.0027777778450399637,
1.0,single_points,5.265920639038086,0.27921608090400696,
1.0,single_points,4.892588138580322,0.3935880661010742,
1.0,single_points,18.29735565185547,0.5377799272537231,
1.0,single_points,2.3366405963897705,0.31549185514450073,
1.0,single_points,8.596776008605957,0.4395805299282074,
1.0,single_points,4.153711795806885,0.5145367383956909,
1.0,single_points,2.316466808319092,0.40743303298950195,
1.0,single_points,12.737649917602539,0.5796332955360413,
1.0,single_points,3.352701425552368,0.4817962646484375,
1.0,single_points,7.791232109069824,0.5663592219352722,
1.0,single_points,6.111572265625,0.727733850479126,
1.0,single_points,1.6865484714508057,0.5685990452766418,
1.0,single_points,12.029446601867676,0.7284585237503052,
1.0,single_points,3.3321430683135986,0.6849362850189209,
1.0,single_points,9.2087984085083,0.7337615489959717,
1.0,single_points,5.487627029418945,0.29704657196998596,
1.0,single_points,7.463020324707031,0.4699055552482605,
1.0,single_points,2.188255548477173,0.30159199237823486,
1.0,single_points,25.989742279052734,0.5211242437362671,
1.0,single_points,4.097256660461426,0.3938845098018646,
1.0,single_points,11.88031005859375,0.4938405454158783,
1.0,single_points,0.10000867396593094,0.5361769199371338,
1.0,single_points,4.281822204589844,0.08238910883665085,
1.0,single_points,0.24124747514724731,0.6251427531242371,
1.0,single_points,1.844233751296997,0.09824330359697342,
1.0,single_points,2.1572413444519043,0.11744620651006699,
1.0,single_points,3.4796910285949707,0.36880767345428467,
1.0,single_points,7.431429386138916,0.288614422082901,
1.0,single_points,4.4770331382751465,0.4643060564994812,
1.0,single_points,2.18442702293396,0.6531510949134827,
1.0,single_points,1.8237465620040894,0.5375823378562927,
1.0,single_points,2.0017824172973633,0.6568511128425598,
1.0,single_points,2.3560266494750977,0.7350351810455322,
1.0,single_points,1.9699456691741943,0.6974198818206787,
1.0,single_points,1.4774951934814453,0.052481334656476974,
1.0,single_points,7.537323474884033,0.17801931500434875,
1.0,single_points,2.8305375576019287,0.35637903213500977,
1.0,single_points,3.9133880138397217,0.4228041470050812,
1.0,single_points,0.4842551350593567,0.6335747838020325,
1.0,single_points,4.001148700714111,0.6822024583816528,
1.0,single_points,2.086649179458618,0.2477162927389145,
1.0,single_points,4.971733093261719,0.5287110209465027,
1.0,single_points,4.812073707580566,0.6424132585525513,
1.0,single_points,1.217673659324646,0.27008122205734253,
1.0,single_points,2.5338034629821777,0.5055775046348572,
1.0,single_points,6.90861701965332,0.6904699206352234,
1.0,single_points,0.7814671993255615,0.44251206517219543,
1.0,single_points,0.07260796427726746,0.014690382406115532,
1.0,single_points,3.132617473602295,0.6773825287818909,
1.0,single_points,0.21662096679210663,0.11368027329444885,
1.0,single_points,1.5486983060836792,0.5593434572219849,
1.0,single_points,3.4720561504364014,0.6982322931289673,
1.0,single_points,1.0710885524749756,0.45546773076057434,
1.0,single_points,8.386049270629883,0.7322134375572205,
1.0,single_points,1.8642641305923462,0.6063021421432495,
1.0,single_points,4.714482307434082,0.6944004893302917,
1.0,single_points,1.1341863870620728,0.5339152216911316,
1.0,single_points,0.42905953526496887,0.23626483976840973,
1.0,single_points,4.969249248504639,0.6919630765914917,
1.0,single_points,0.5840455293655396,0.34259989857673645,
1.0,single_points,2.1389853954315186,0.5955314040184021,
1.0,single_points,3.9015398025512695,0.7278107404708862,
1.0,single_points,1.6082100868225098,0.677931547164917,
1.0,single_points,7.45270299911499,0.725472092628479,
1.0,single_points,3.0884907245635986,0.7230895757675171,
1.0,single_points,4.430572032928467,0.7449933290481567,
1.0,single_points,2.416532278060913,0.5332125425338745,
1.0,single_points,4.399432182312012,0.6557641625404358,
1.0,single_points,1.0485512018203735,0.4047321379184723,
1.0,single_points,3.4320244789123535,0.6836845874786377,
1.0,single_points,5.508119583129883,0.6702898740768433,
1.0,single_points,6.639136791229248,0.13227932155132294,
1.0,single_points,3.1732895374298096,0.23271846771240234,
1.0,single_points,2.819286346435547,0.29676109552383423,
1.0,single_points,4.666293144226074,0.6838164925575256,
1.0,single_points,1.9705265760421753,0.20272286236286163,
1.0,single_points,0.706757128238678,0.0012626262614503503,
1.0,single_points,5.608649730682373,0.2044246792793274,
1.0,single_points,2.4037208557128906,0.5280961394309998,
1.0,single_points,3.6902341842651367,0.5457948446273804,
1.0,single_points,4.241115093231201,0.026844529435038567,
1.0,single_points,2.1259822845458984,0.17052043974399567,
1.0,single_points,3.722062826156616,0.5764053463935852,
1.0,u_single,5.17481608646425,0.7048418972332017,1.0
1.0,u_single,5.17481608646425,0.7048418972332017,1.0
1.0,u_single,5.17481608646425,0.7048418972332017,1.0
1.0,u_single,5.17481608646425,0.7048418972332017,1.0
1.0,u_single,5.17481608646425,0.7048418972332017,1.0
1.0,u_single,5.17481608646425,0.7048418972332017,1.0
1.0,u_single,5.17481608646425,0.7048418972332017,1.0
1.0,u_single,4.730434422869666,0.7159530083443129,1.0
1.0,u_single,4.535336917335128,0.7212560386473431,1.0
1.0,u_single,4.535336917335128,0.7212560386473431,1.0
1.0,u_single,4.166641273790931,0.7298418972332017,1.0
1.0,u_single,3.8775736793699007,0.7174681598594643,1.0
1.0,u_single,3.7140517607305106,0.716205533596838,1.0
1.0,u_single,3.216906563724323,0.7157004830917874,1.0
1.0,u_single,2.3367033273812754,0.6979468599033817,1.0
1.0,u_single,1.7096095347588043,0.6549956082564778,1.0
1.0,u_single,0.5648924725277447,0.5967061923583664,1.0
1.0,u_single,0.2753165266915443,0.6148880105401846,1.0
1.0,u_single,0.2617916689937804,0.6174132630654371,1.0
1.0,u_single,0.24124751693119617,0.625142731664471,1.0
1.0,u_single,0.24124751693119617,0.625142731664471,1.0
1.0,u_single,0.24124751693119617,0.625142731664471,1.0
1.0,u_single,0.24124751693119617,0.625142731664471,1.0
1.0,u_single,0.1387119491397271,0.536352657004831,1.0
1.0,u_single,0.10000867727991777,0.5361769872639438,1.0
1.0,u_single,0.10000867727991777,0.5361769872639438,1.0
1.0,u_single,0.10000867727991777,0.5361769872639438,1.0
1.0,u_single,0.10000867727991777,0.5361769872639438,1.0
1.0,u_single,0.10000867727991777,0.5361769872639438,1.0
1.0,u_single,0.10000867727991777,0.5361769872639438,1.0
1.0,u_single,0.10000867727991777,0.5361769872639438,1.0
1.0,u_single,0.10000867727991777,0.5361769872639438,1.0
1.0,u_single,0.09039501864160422,0.3225406236275801,1.0
1.0,u_single,0.07260796541362824,0.014690382081686429,1.0
1.0,u_single,0.07260796541362824,0.014690382081686429,1.0
1.0,u_single,0.07260796541362824,0.014690382081686429,1.0
1.0,u_single,0.07260796541362824,0.014690382081686429,1.0
1.0,u_single,0.07260796541362824,0.014690382081686429,1.0
1.0,u_single,0.07260796541362824,0.014690382081686429,1.0
1.0,u_single,0.07260796541362824,0.014690382081686429,1.0
1.0,u_single,0.07260796541362824,0.014690382081686429,1.0
1.0,u_dp3,6.264081767611091,0.8264492753623188,1.5875164690382086
1.0,u_dp3,4.447917589287735,0.8261967501097937,1.5572573561704
1.0,u_dp3,4.447917589287735,0.8261967501097937,1.5572573561704
1.0,u_dp3,4.447917589287735,0.8261967501097937,1.5572573561704
1.0,u_dp3,4.447917589287735,0.8261967501097937,1.5572573561704
1.0,u_dp3,4.389285953702518,0.8251866490996925,1.5597826086956523
1.0,u_dp3,4.331216164157416,0.8198836187966622,1.5870553359683794
1.0,u_dp3,4.29506286702916,0.8131532718489239,1.596058410188845
1.0,u_dp3,4.273909292449265,0.8149209486166008,1.594038208168643
1.0,u_dp3,3.889567305660059,0.8308959156785244,1.5808080808080807
1.0,u_dp3,3.354904110306284,0.8291062801932367,1.6023276240667543
1.0,u_dp3,2.318978045886112,0.85911286780852,1.6075647782169518
1.0,u_dp3,1.8775958142136573,0.862143170838823,1.580797101449275
1.0,u_dp3,1.800358228954713,0.8642841458058849,1.5817632850241543
1.0,u_dp3,1.5105181599686188,0.8718599033816424,1.575450153711023
1.0,u_dp3,0.8057854517909863,0.8809178743961353,1.5816534914361
1.0,u_dp3,0.6413539314944809,0.8771299956082566,1.6172595520421609
1.0,u_dp3,0.48249236751862323,0.8687637241985069,1.68078612209047
1.0,u_dp3,0.3424234968635058,0.8565985946420729,1.712143170838823
1.0,u_dp3,0.30529589700865567,0.8533157663592447,1.7116381203337727
1.0,u_dp3,0.29933365943592544,0.8462450592885377,1.7116381203337727
1.0,u_dp3,0.2637548200296525,0.8194883618796661,1.7465634606938956
1.0,u_dp3,0.22496000043904682,0.8082674571805005,1.7636473429951691
1.0,u_dp3,0.22092326044272284,0.8097826086956521,1.7618796662274925
1.0,u_dp3,0.21733580316189102,0.8034694773825207,1.7618796662274925
1.0,u_dp3,0.18682008442020256,0.7760210803689064,1.7618796662274925
1.0,u_dp3,0.1756733741597745,0.7748572683355291,1.7618796662274925
1.0,u_dp3,0.1459696292311941,0.7019433465085638,1.4638230127360563
1.0,u_dp3,0.10000867727991777,0.5361769872639438,1.0
1.0,u_dp3,0.10000867727991777,0.5361769872639438,1.0
1.0,u_dp3,0.10000867727991777,0.5361769872639438,1.0
1.0,u_dp3,0.10000867727991777,0.5361769872639438,1.0
1.0,u_dp3,0.09039501864160422,0.3225406236275801,1.0
1.0,u_dp3,0.07260796541362824,0.014690382081686429,1.0
1.0,u_dp3,0.07260796541362824,0.014690382081686429,1.0
1.0,u_dp3,0.07260796541362824,0.014690382081686429,1.0
1.0,u_dp3,0.07260796541362824,0.014690382081686429,1.0
1.0,u_dp3,0.07260796541362824,0.014690382081686429,1.0
1.0,u_dp3,0.07260796541362824,0.014690382081686429,1.0
1.0,u_dp3,0.07260796541362824,0.014690382081686429,1.0
1.0,u_dp3,0.07260796541362824,0.014690382081686429,1.0
1.0,u_dp3_noom,8.051758807387774,0.7809178743961352,1.5751756697408872
1.0,u_dp3_noom,7.244030739111784,0.7859903381642513,1.5666117698726394
1.0,u_dp3_noom,7.171889217996289,0.7854852876592008,1.5686319718928414
1.0,u_dp3_noom,7.038310813483016,0.7864953886693018,1.5686319718928414
1.0,u_dp3_noom,6.031231916722992,0.7908212560386473,1.5588603425559948
1.0,u_dp3_noom,5.41850105100064,0.8026899429073342,1.5517896354852878
1.0,u_dp3_noom,5.102163322154085,0.8009222661396574,1.5606280193236717
1.0,u_dp3_noom,4.713616030177999,0.8069060166886255,1.540173473869126
1.0,u_dp3_noom,4.318387846981139,0.8119235836627141,1.5425010979358804
1.0,u_dp3_noom,3.5336368906407807,0.8125603864734301,1.5976613965744402
1.0,u_dp3_noom,2.457219481557447,0.8305335968379446,1.6035573122529643
1.0,u_dp3_noom,1.90445127781991,0.847562582345191,1.5796881862099252
1.0,u_dp3_noom,1.4931377736867935,0.8615942028985508,1.5945652173913045
1.0,u_dp3_noom,1.1620250291114556,0.8537659200702679,1.6126152832674567
1.0,u_dp3_noom,0.9453869797646031,0.863076416337286,1.611780851998243
1.0,u_dp3_noom,0.5795655110554806,0.8502086078173033,1.5967171717171715
1.0,u_dp3_noom,0.5055026755287433,0.8423803249890206,1.5964646464646464
1.0,u_dp3_noom,0.42028851506861026,0.8426328502415459,1.5979797979797978
1.0,u_dp3_noom,0.35027584888144914,0.8360232762406674,1.6747913921826967
1.0,u_dp3_noom,0.28437395715815256,0.8316644707949056,1.712143170838823
1.0,u_dp3_noom,0.2766096493595745,0.8179732103645148,1.7364624505928856
1.0,u_dp3_noom,0.22978202769897643,0.8120553359683793,1.750516029863856
1.0,u_dp3_noom,0.2131889092153921,0.7926877470355732,1.7636473429951691
1.0,u_dp3_noom,0.17785021130688455,0.7735946420729028,1.7618796662274925
1.0,u_dp3_noom,0.1756733741597745,0.7748572683355291,1.7618796662274925
1.0,u_dp3_noom,0.1756733741597745,0.7748572683355291,1.7618796662274925
1.0,u_dp3_noom,0.1756733741597745,0.7748572683355291,1.7618796662274925
1.0,u_dp3_noom,0.1756733741597745,0.7748572683355291,1.7618796662274925
1.0,u_dp3_noom,0.14257953451618346,0.680226174791392,1.4272068511198948
1.0,u_dp3_noom,0.10000867727991777,0.5361769872639438,1.0
1.0,u_dp3_noom,0.10000867727991777,0.5361769872639438,1.0
1.0,u_dp3_noom,0.10000867727991777,0.5361769872639438,1.0
1.0,u_dp3_noom,0.09715752400475038,0.46370223978919634,1.0
1.0,u_dp3_noom,0.07260796541362824,0.014690382081686429,1.0
1.0,u_dp3_noom,0.07260796541362824,0.014690382081686429,1.0
1.0,u_dp3_noom,0.07260796541362824,0.014690382081686429,1.0
1.0,u_dp3_noom,0.07260796541362824,0.014690382081686429,1.0
1.0,u_dp3_noom,0.07260796541362824,0.014690382081686429,1.0
1.0,u_dp3_noom,0.07260796541362824,0.014690382081686429,1.0
1.0,u_dp3_noom,0.07260796541362824,0.014690382081686429,1.0
1.0,u_dp3_noom,0.07260796541362824,0.014690382081686429,1.0
1.0,u_single_emp,5.167924121663558,0.6801493192797541,1.0
1.0,u_single_emp,5.167924121663558,0.6801493192797541,1.0
1.0,u_single_emp,5.167924121663558,0.6801493192797541,1.0
1.0,u_single_emp,5.167924121663558,0.6801493192797541,1.0
1.0,u_single_emp,5.167924121663558,0.6801493192797541,1.0
1.0,u_single_emp,4.720928574494484,0.6823232323232323,1.0
1.0,u_single_emp,4.525831068959946,0.6876262626262626,1.0
1.0,u_single_emp,4.525831068959946,0.6876262626262626,1.0
1.0,u_single_emp,3.9954618137122035,0.6934343434343435,1.0
1.0,u_single_emp,3.6267661701680063,0.7020202020202021,1.0
1.0,u_single_emp,3.2860449635097733,0.6979468599033817,1.0
1.0,u_single_emp,2.675221686208515,0.7181488801054018,1.0
1.0,u_single_emp,2.4036110289849675,0.7272068511198946,1.0
1.0,u_single_emp,2.3560262975145125,0.7350351339481773,1.0
1.0,u_single_emp,2.3560262975145125,0.7350351339481773,1.0
1.0,u_single_emp,2.207414212198597,0.723671497584541,1.0
1.0,u_single_emp,0.6982582975043166,0.6054347826086957,1.0
1.0,u_single_emp,0.2617916689937804,0.6174132630654371,1.0
1.0,u_single_emp,0.2617916689937804,0.6174132630654371,1.0
1.0,u_single_emp,0.24124751693119617,0.625142731664471,1.0
1.0,u_single_emp,0.24124751693119617,0.625142731664471,1.0
1.0,u_single_emp,0.24124751693119617,0.625142731664471,1.0
1.0,u_single_emp,0.24124751693119617,0.625142731664471,1.0
1.0,u_single_emp,0.11878687653180946,0.5306214317083883,1.0
1.0,u_single_emp,0.10000867727991777,0.5361769872639438,1.0
1.0,u_single_emp,0.10000867727991777,0.5361769872639438,1.0
1.0,u_single_emp,0.10000867727991777,0.5361769872639438,1.0
1.0,u_single_emp,0.10000867727991777,0.5361769872639438,1.0
1.0,u_single_emp,0.10000867727991777,0.5361769872639438,1.0
1.0,u_single_emp,0.10000867727991777,0.5361769872639438,1.0
1.0,u_single_emp,0.10000867727991777,0.5361769872639438,1.0
1.0,u_single_emp,0.10000867727991777,0.5361769872639438,1.0
1.0,u_single_emp,0.10000867727991777,0.5361769872639438,1.0
1.0,u_single_emp,0.07260796541362824,0.014690382081686429,1.0
1.0,u_single_emp,0.07260796541362824,0.014690382081686429,1.0
1.0,u_single_emp,0.07260796541362824,0.014690382081686429,1.0
1.0,u_single_emp,0.07260796541362824,0.014690382081686429,1.0
1.0,u_single_emp,0.07260796541362824,0.014690382081686429,1.0
1.0,u_single_emp,0.07260796541362824,0.014690382081686429,1.0
1.0,u_single_emp,0.07260796541362824,0.014690382081686429,1.0
1.0,u_single_emp,0.07260796541362824,0.014690382081686429,1.0
1.0,u_dp3_emp,5.2131621034502595,0.8859134826526132,1.5166337285902503
1.0,u_dp3_emp,2.121527055699704,0.8831357048748354,1.5627799736495391
1.0,u_dp3_emp,2.121527055699704,0.8831357048748354,1.5627799736495391
1.0,u_dp3_emp,2.121527055699704,0.8831357048748354,1.5627799736495391
1.0,u_dp3_emp,2.121527055699704,0.8831357048748354,1.5627799736495391
1.0,u_dp3_emp,1.9917433052425604,0.8828831796223101,1.5610122968818625
1.0,u_dp3_emp,1.9917433052425604,0.8828831796223101,1.5610122968818625
1.0,u_dp3_emp,1.9368477446072498,0.8854084321475627,1.5612648221343874
1.0,u_dp3_emp,1.8696291337613478,0.8878238910847608,1.5525691699604744
1.0,u_dp3_emp,1.7136641364000644,0.8906236275801493,1.5514931927975406
1.0,u_dp3_emp,1.4551879848138833,0.8913812033377251,1.5565436978480458
1.0,u_dp3_emp,1.4153540003199754,0.8944115063680281,1.558816425120773
1.0,u_dp3_emp,0.9560156135614118,0.8936868686868688,1.5816534914361
1.0,u_dp3_emp,0.9063696821616553,0.8919191919191919,1.5932696530522616
1.0,u_dp3_emp,0.9063696821616553,0.8919191919191919,1.5932696530522616
1.0,u_dp3_emp,0.8547651741504391,0.8999999999999999,1.6058959156785244
1.0,u_dp3_emp,0.82209285861552,0.8999999999999999,1.6058959156785244
1.0,u_dp3_emp,0.5851703871565073,0.8740777338603427,1.6767457180500662
1.0,u_dp3_emp,0.4506713013764722,0.868994290733421,1.712143170838823
1.0,u_dp3_emp,0.30529589700865567,0.8533157663592447,1.7116381203337727
1.0,u_dp3_emp,0.30529589700865567,0.8533157663592447,1.7116381203337727
1.0,u_dp3_emp,0.30529589700865567,0.8533157663592447,1.7116381203337727
1.0,u_dp3_emp,0.2907709186849236,0.8428085199824331,1.72044356609574
1.0,u_dp3_emp,0.22092326044272284,0.8097826086956521,1.7618796662274925
1.0,u_dp3_emp,0.22092326044272284,0.8097826086956521,1.7618796662274925
1.0,u_dp3_emp,0.20502947943598412,0.7904150197628457,1.7618796662274925
1.0,u_dp3_emp,0.1506785375046469,0.7105292050944224,1.5107927097057532
1.0,u_dp3_emp,0.13844430974087907,0.6672595520421607,1.3903601229688187
1.0,u_dp3_emp,0.10000867727991777,0.5361769872639438,1.0
1.0,u_dp3_emp,0.10000867727991777,0.5361769872639438,1.0
1.0,u_dp3_emp,0.10000867727991777,0.5361769872639438,1.0
1.0,u_dp3_emp,0.10000867727991777,0.5361769872639438,1.0
1.0,u_dp3_emp,0.10000867727991777,0.5361769872639438,1.0
1.0,u_dp3_emp,0.07260796541362824,0.014690382081686429,1.0
1.0,u_dp3_emp,0.07260796541362824,0.014690382081686429,1.0
1.0,u_dp3_emp,0.07260796541362824,0.014690382081686429,1.0
1.0,u_dp3_emp,0.07260796541362824,0.014690382081686429,1.0
1.0,u_dp3_emp,0.07260796541362824,0.014690382081686429,1.0
1.0,u_dp3_emp,0.07260796541362824,0.014690382081686429,1.0
1.0,u_dp3_emp,0.07260796541362824,0.014690382081686429,1.0
1.0,u_dp3_emp,0.07260796541362824,0.014690382081686429,1.0
1.0,u_dp3_raw,4.805833366318235,0.8841458058849364,1.5267347386912604
1.0,u_dp3_raw,1.9290483793314934,0.8865612648221345,1.554084321475626
1.0,u_dp3_raw,1.9290483793314934,0.8865612648221345,1.554084321475626
1.0,u_dp3_raw,1.8754116966620211,0.889086517347387,1.5523166447079495
1.0,u_dp3_raw,1.8754116966620211,0.889086517347387,1.5523166447079495
1.0,u_dp3_raw,1.8754116966620211,0.889086517347387,1.5523166447079495
1.0,u_dp3_raw,1.776827741951997,0.891106719367589,1.5500439174352219
1.0,u_dp3_raw,1.776827741951997,0.891106719367589,1.5500439174352219
1.0,u_dp3_raw,1.776827741951997,0.891106719367589,1.5500439174352219
1.0,u_dp3_raw,1.7136641364000644,0.8906236275801493,1.5514931927975406
1.0,u_dp3_raw,1.4551879848138833,0.8913812033377251,1.5565436978480458
1.0,u_dp3_raw,1.3740923490358103,0.8939064558629776,1.5613416776460254
1.0,u_dp3_raw,0.969219487219833,0.8936868686868688,1.583673693456302
1.0,u_dp3_raw,0.9063696821616553,0.8919191919191919,1.5932696530522616
1.0,u_dp3_raw,0.8662005349806788,0.896969696969697,1.6058959156785244
1.0,u_dp3_raw,0.8372033170943031,0.9050505050505051,1.6058959156785244
1.0,u_dp3_raw,0.8259287160869523,0.8997474747474746,1.6058959156785244
1.0,u_dp3_raw,0.6010134600184294,0.8781181379007467,1.6575537988581468
1.0,u_dp3_raw,0.4506713013764722,0.868994290733421,1.712143170838823
1.0,u_dp3_raw,0.3371699011796692,0.8565985946420729,1.7035573122529646
1.0,u_dp3_raw,0.30529589700865567,0.8533157663592447,1.7116381203337727
1.0,u_dp3_raw,0.30529589700865567,0.8533157663592447,1.7116381203337727
1.0,u_dp3_raw,0.2916415308263083,0.8516469038208169,1.7156455862977604
1.0,u_dp3_raw,0.23318146382494095,0.8140755379885813,1.7535463328941592
1.0,u_dp3_raw,0.22092326044272284,0.8097826086956521,1.7618796662274925
1.0,u_dp3_raw,0.20782179039623633,0.7921826965305225,1.7618796662274925
1.0,u_dp3_raw,0.1459696292311941,0.7019433465085638,1.4638230127360563
1.0,u_dp3_raw,0.11690446105889966,0.58866930171278,1.1656565656565656
1.0,u_dp3_raw,0.10000867727991777,0.5361769872639438,1.0
1.0,u_dp3_raw,0.10000867727991777,0.5361769872639438,1.0
1.0,u_dp3_raw,0.10000867727991777,0.5361769872639438,1.0
1.0,u_dp3_raw,0.10000867727991777,0.5361769872639438,1.0
1.0,u_dp3_raw,0.09652439703429458,0.4571365832235398,1.0
1.0,u_dp3_raw,0.07260796541362824,0.014690382081686429,1.0
1.0,u_dp3_raw,0.07260796541362824,0.014690382081686429,1.0
1.0,u_dp3_raw,0.07260796541362824,0.014690382081686429,1.0
1.0,u_dp3_raw,0.07260796541362824,0.014690382081686429,1.0
1.0,u_dp3_raw,0.07260796541362824,0.014690382081686429,1.0
1.0,u_dp3_raw,0.07260796541362824,0.014690382081686429,1.0
1.0,u_dp3_raw,0.07260796541362824,0.014690382081686429,1.0
1.0,u_dp3_raw,0.07260796541362824,0.014690382081686429,1.0
1.0,u_dp3_emp_indep,8.148503729119916,0.781324110671937,1.5701251646903822
1.0,u_dp3_emp_indep,6.196654401572326,0.7995718050065878,1.5284036012296884
1.0,u_dp3_emp_indep,5.768331922389826,0.8091567852437419,1.5246486605182261
1.0,u_dp3_emp_indep,5.3680758383486635,0.8200153711023277,1.5029314888010543
1.0,u_dp3_emp_indep,4.554028265579363,0.8366820377689943,1.4695981554677209
1.0,u_dp3_emp_indep,4.0496528697095,0.8446420729029426,1.4461133069828722
1.0,u_dp3_emp_indep,3.8868081138185837,0.8457400087834871,1.4473649538866933
1.0,u_dp3_emp_indep,3.7616713523459007,0.8520531400966184,1.4463548528765922
1.0,u_dp3_emp_indep,3.355675308826737,0.8548309178743961,1.492314448836188
1.0,u_dp3_emp_indep,2.054358113199296,0.877931488801054,1.557191480017567
1.0,u_dp3_emp_indep,1.6296789193053092,0.8842885375494072,1.538252086078173
1.0,u_dp3_emp_indep,1.534007205066938,0.8885814668423363,1.5347167325428195
1.0,u_dp3_emp_indep,1.2174695980895047,0.8867918313570488,1.5875823451910407
1.0,u_dp3_emp_indep,0.9139058510414998,0.8990118577075099,1.6027777777777776
1.0,u_dp3_emp_indep,0.8389490698501435,0.9007795344751865,1.594949494949495
1.0,u_dp3_emp_indep,0.8062383453267208,0.891941150636803,1.594949494949495
1.0,u_dp3_emp_indep,0.4397687711727183,0.8420289855072463,1.5918093983311372
1.0,u_dp3_emp_indep,0.38563290112085397,0.8443017127799736,1.5918093983311372
1.0,u_dp3_emp_indep,0.3145669453217434,0.8266469038208168,1.705830039525692
1.0,u_dp3_emp_indep,0.28437395715815256,0.8316644707949056,1.712143170838823
1.0,u_dp3_emp_indep,0.26354820774111454,0.8258014931927975,1.722826086956522
1.0,u_dp3_emp_indep,0.22496000043904682,0.8082674571805005,1.7636473429951691
1.0,u_dp3_emp_indep,0.22092326044272284,0.8097826086956521,1.7618796662274925
1.0,u_dp3_emp_indep,0.18149129634098918,0.7738471673254281,1.7618796662274925
1.0,u_dp3_emp_indep,0.1756733741597745,0.7748572683355291,1.7618796662274925
1.0,u_dp3_emp_indep,0.1756733741597745,0.7748572683355291,1.7618796662274925
1.0,u_dp3_emp_indep,0.1756733741597745,0.7748572683355291,1.7618796662274925
1.0,u_dp3_emp_indep,0.1756733741597745,0.7748572683355291,1.7618796662274925
1.0,u_dp3_emp_indep,0.1756733741597745,0.7748572683355291,1.7618796662274925
1.0,u_dp3_emp_indep,0.10000867727991777,0.5361769872639438,1.0
1.0,u_dp3_emp_indep,0.10000867727991777,0.5361769872639438,1.0
1.0,u_dp3_emp_indep,0.10000867727991777,0.5361769872639438,1.0
1.0,u_dp3_emp_indep,0.10000867727991777,0.5361769872639438,1.0
1.0,u_dp3_emp_indep,0.07260796541362824,0.014690382081686429,1.0
1.0,u_dp3_emp_indep,0.07260796541362824,0.014690382081686429,1.0
1.0,u_dp3_emp_indep,0.07260796541362824,0.014690382081686429,1.0
1.0,u_dp3_emp_indep,0.07260796541362824,0.014690382081686429,1.0
1.0,u_dp3_emp_indep,0.07260796541362824,0.014690382081686429,1.0
1.0,u_dp3_emp_indep,0.07260796541362824,0.014690382081686429,1.0
1.0,u_dp3_emp_indep,0.07260796541362824,0.014690382081686429,1.0
1.0,u_dp3_emp_indep,0.07260796541362824,0.014690382081686429,1.0
1.0,u_pidx,5.672900542283009,0.9314119455423804,2.051262626262626
1.0,u_pidx,0.45060666204537736,0.9444664031620553,2.1747913921826965
1.0,u_pidx,0.45060666204537736,0.9444664031620553,2.1747913921826965
1.0,u_pidx,0.45060666204537736,0.9444664031620553,2.1747913921826965
1.0,u_pidx,0.45060666204537736,0.9444664031620553,2.1747913921826965
1.0,u_pidx,0.45060666204537736,0.9444664031620553,2.1747913921826965
1.0,u_pidx,0.45060666204537736,0.9444664031620553,2.1747913921826965
1.0,u_pidx,0.45060666204537736,0.9444664031620553,2.1747913921826965
1.0,u_pidx,0.45060666204537736,0.9444664031620553,2.1747913921826965
1.0,u_pidx,0.45060666204537736,0.9444664031620553,2.1747913921826965
1.0,u_pidx,0.45060666204537736,0.9444664031620553,2.1747913921826965
1.0,u_pidx,0.45060666204537736,0.9444664031620553,2.1747913921826965
1.0,u_pidx,0.45060666204537736,0.9444664031620553,2.1747913921826965
1.0,u_pidx,0.45060666204537736,0.9444664031620553,2.1747913921826965
1.0,u_pidx,0.45060666204537736,0.9444664031620553,2.1747913921826965
1.0,u_pidx,0.45060666204537736,0.9444664031620553,2.1747913921826965
1.0,u_pidx,0.45060666204537736,0.9444664031620553,2.1747913921826965
1.0,u_pidx,0.45060666204537736,0.9444664031620553,2.1747913921826965
1.0,u_pidx,0.45060666204537736,0.9444664031620553,2.1747913921826965
1.0,u_pidx,0.4215408182098847,0.940272288098375,2.159387351778656
1.0,u_pidx,0.3716218281835874,0.9278985507246376,2.132619675010979
1.0,u_pidx,0.3327270257312495,0.9170399648660518,2.1025691699604745
1.0,u_pidx,0.30915768249332576,0.8971234079929734,2.046157224418094
1.0,u_pidx,0.273174521145826,0.863010540184453,1.9639657444005267
1.0,u_pidx,0.2650527293364803,0.8541721563460691,1.9379556433904257
1.0,u_pidx,0.22092326044272284,0.8097826086956521,1.7618796662274925
1.0,u_pidx,0.1459696292311941,0.7019433465085638,1.4638230127360563
1.0,u_pidx,0.1459696292311941,0.7019433465085638,1.4638230127360563
1.0,u_pidx,0.10000867727991777,0.5361769872639438,1.0
1.0,u_pidx,0.10000867727991777,0.5361769872639438,1.0
1.0,u_pidx,0.10000867727991777,0.5361769872639438,1.0
1.0,u_pidx,0.10000867727991777,0.5361769872639438,1.0
1.0,u_pidx,0.09039501864160422,0.3225406236275801,1.0
1.0,u_pidx,0.07260796541362824,0.014690382081686429,1.0
1.0,u_pidx,0.07260796541362824,0.014690382081686429,1.0
1.0,u_pidx,0.07260796541362824,0.014690382081686429,1.0
1.0,u_pidx,0.07260796541362824,0.014690382081686429,1.0
1.0,u_pidx,0.07260796541362824,0.014690382081686429,1.0
1.0,u_pidx,0.07260796541362824,0.014690382081686429,1.0
1.0,u_pidx,0.07260796541362824,0.014690382081686429,1.0
1.0,u_pidx,0.07260796541362824,0.014690382081686429,1.0
1.0,u_pidx_emp,5.672900542283009,0.9314119455423804,2.051262626262626
1.0,u_pidx_emp,0.4660008661670641,0.9434563021519543,2.177075098814229
1.0,u_pidx_emp,0.4660008661670641,0.9434563021519543,2.177075098814229
1.0,u_pidx_emp,0.4660008661670641,0.9434563021519543,2.177075098814229
1.0,u_pidx_emp,0.4660008661670641,0.9434563021519543,2.177075098814229
1.0,u_pidx_emp,0.4660008661670641,0.9434563021519543,2.177075098814229
1.0,u_pidx_emp,0.4660008661670641,0.9434563021519543,2.177075098814229
1.0,u_pidx_emp,0.4660008661670641,0.9434563021519543,2.177075098814229
1.0,u_pidx_emp,0.4660008661670641,0.9434563021519543,2.177075098814229
1.0,u_pidx_emp,0.4660008661670641,0.9434563021519543,2.177075098814229
1.0,u_pidx_emp,0.4660008661670641,0.9434563021519543,2.177075098814229
1.0,u_pidx_emp,0.4660008661670641,0.9434563021519543,2.177075098814229
1.0,u_pidx_emp,0.4660008661670641,0.9434563021519543,2.177075098814229
1.0,u_pidx_emp,0.4660008661670641,0.9434563021519543,2.177075098814229
1.0,u_pidx_emp,0.4660008661670641,0.9434563021519543,2.177075098814229
1.0,u_pidx_emp,0.4660008661670641,0.9434563021519543,2.177075098814229
1.0,u_pidx_emp,0.4660008661670641,0.9434563021519543,2.177075098814229
1.0,u_pidx_emp,0.45659795898443517,0.9420070267896354,2.172244180939833
1.0,u_pidx_emp,0.4500701754508957,0.9409969257795345,2.169466403162055
1.0,u_pidx_emp,0.4379319037428166,0.938471673254282,2.159870443566096
1.0,u_pidx_emp,0.35511825320171414,0.922342995169082,2.11870882740448
1.0,u_pidx_emp,0.3347911744926175,0.9170399648660518,2.103052261747914
1.0,u_pidx_emp,0.32278890741108,0.9041941150636804,2.0731554677206847
1.0,u_pidx_emp,0.3077199244668865,0.8910628019323672,2.0378019323671497
1.0,u_pidx_emp,0.23468724159719356,0.8166007905138339,1.8179402722880982
1.0,u_pidx_emp,0.21601538690167812,0.798671497584541,1.7430390865173473
1.0,u_pidx_emp,0.1459696292311941,0.7019433465085638,1.4638230127360563
1.0,u_pidx_emp,0.13844430974087907,0.6672595520421607,1.3903601229688187
1.0,u_pidx_emp,0.10000867727991777,0.5361769872639438,1.0
1.0,u_pidx_emp,0.10000867727991777,0.5361769872639438,1.0
1.0,u_pidx_emp,0.10000867727991777,0.5361769872639438,1.0
1.0,u_pidx_emp,0.10000867727991777,0.5361769872639438,1.0
1.0,u_pidx_emp,0.10000867727991777,0.5361769872639438,1.0
1.0,u_pidx_emp,0.07260796541362824,0.014690382081686429,1.0
1.0,u_pidx_emp,0.07260796541362824,0.014690382081686429,1.0
1.0,u_pidx_emp,0.07260796541362824,0.014690382081686429,1.0
1.0,u_pidx_emp,0.07260796541362824,0.014690382081686429,1.0
1.0,u_pidx_emp,0.07260796541362824,0.014690382081686429,1.0
1.0,u_pidx_emp,0.07260796541362824,0.014690382081686429,1.0
1.0,u_pidx_emp,0.07260796541362824,0.014690382081686429,1.0
1.0,u_pidx_emp,0.07260796541362824,0.014690382081686429,1.0
1.0,u_pidx_emp_indep,5.672900542283009,0.9314119455423804,2.051262626262626
1.0,u_pidx_emp_indep,0.43762330937767413,0.9424681598594642,2.1747913921826965
1.0,u_pidx_emp_indep,0.43762330937767413,0.9424681598594642,2.1747913921826965
1.0,u_pidx_emp_indep,0.43762330937767413,0.9424681598594642,2.1747913921826965
1.0,u_pidx_emp_indep,0.43762330937767413,0.9424681598594642,2.1747913921826965
1.0,u_pidx_emp_indep,0.43762330937767413,0.9424681598594642,2.1747913921826965
1.0,u_pidx_emp_indep,0.43762330937767413,0.9424681598594642,2.1747913921826965
1.0,u_pidx_emp_indep,0.43762330937767413,0.9424681598594642,2.1747913921826965
1.0,u_pidx_emp_indep,0.43762330937767413,0.9424681598594642,2.1747913921826965
1.0,u_pidx_emp_indep,0.43762330937767413,0.9424681598594642,2.1747913921826965
1.0,u_pidx_emp_indep,0.43762330937767413,0.9424681598594642,2.1747913921826965
1.0,u_pidx_emp_indep,0.43762330937767413,0.9424681598594642,2.1747913921826965
1.0,u_pidx_emp_indep,0.43762330937767413,0.9424681598594642,2.1747913921826965
1.0,u_pidx_emp_indep,0.43762330937767413,0.9424681598594642,2.1747913921826965
1.0,u_pidx_emp_indep,0.43762330937767413,0.9424681598594642,2.1747913921826965
1.0,u_pidx_emp_indep,0.43762330937767413,0.9424681598594642,2.1747913921826965
1.0,u_pidx_emp_indep,0.43762330937767413,0.9424681598594642,2.1747913921826965
1.0,u_pidx_emp_indep,0.43762330937767413,0.9424681598594642,2.1747913921826965
1.0,u_pidx_emp_indep,0.43762330937767413,0.9424681598594642,2.1747913921826965
1.0,u_pidx_emp_indep,0.43762330937767413,0.9424681598594642,2.1747913921826965
1.0,u_pidx_emp_indep,0.43762330937767413,0.9424681598594642,2.1747913921826965
1.0,u_pidx_emp_indep,0.43762330937767413,0.9424681598594642,2.1747913921826965
1.0,u_pidx_emp_indep,0.3327270257312495,0.9170399648660518,2.1025691699604745
1.0,u_pidx_emp_indep,0.3327270257312495,0.9170399648660518,2.1025691699604745
1.0,u_pidx_emp_indep,0.3327270257312495,0.9170399648660518,2.1025691699604745
1.0,u_pidx_emp_indep,0.2683287643567775,0.8594751866490996,1.95209705753184
1.0,u_pidx_emp_indep,0.2683287643567775,0.8594751866490996,1.95209705753184
1.0,u_pidx_emp_indep,0.1459696292311941,0.7019433465085638,1.4638230127360563
1.0,u_pidx_emp_indep,0.1459696292311941,0.7019433465085638,1.4638230127360563
1.0,u_pidx_emp_indep,0.10000867727991777,0.5361769872639438,1.0
1.0,u_pidx_emp_indep,0.10000867727991777,0.5361769872639438,1.0
1.0,u_pidx_emp_indep,0.10000867727991777,0.5361769872639438,1.0
1.0,u_pidx_emp_indep,0.10000867727991777,0.5361769872639438,1.0
1.0,u_pidx_emp_indep,0.07260796541362824,0.014690382081686429,1.0
1.0,u_pidx_emp_indep,0.07260796541362824,0.014690382081686429,1.0
1.0,u_pidx_emp_indep,0.07260796541362824,0.014690382081686429,1.0
1.0,u_pidx_emp_indep,0.07260796541362824,0.014690382081686429,1.0
1.0,u_pidx_emp_indep,0.07260796541362824,0.014690382081686429,1.0
1.0,u_pidx_emp_indep,0.07260796541362824,0.014690382081686429,1.0
1.0,u_pidx_emp_indep,0.07260796541362824,0.014690382081686429,1.0
1.0,u_pidx_emp_indep,0.07260796541362824,0.014690382081686429,1.0
1.0,dec_single_joint,6.397681713104248,0.6699934601783752,
1.0,dec_single_joint,6.115071773529053,0.6687857508659363,
1.0,dec_single_joint,6.115071773529053,0.6687857508659363,
1.0,dec_single_joint,5.752474308013916,0.6745938062667847,
1.0,dec_single_joint,5.465745449066162,0.6763614416122437,
1.0,dec_single_joint,5.465745449066162,0.6763614416122437,
1.0,dec_single_joint,4.890247821807861,0.6877250671386719,
1.0,dec_single_joint,4.608848571777344,0.6937856674194336,
1.0,dec_single_joint,3.8735077381134033,0.6991984844207764,
1.0,dec_single_joint,3.7187864780426025,0.6999560594558716,
1.0,dec_single_joint,3.4446916580200195,0.702228844165802,
1.0,dec_single_joint,2.685858726501465,0.72050940990448,
1.0,dec_single_joint,2.5089752674102783,0.7261857390403748,
1.0,dec_single_joint,2.3714327812194824,0.7274484038352966,
1.0,dec_single_joint,2.3053362369537354,0.731488823890686,
1.0,dec_single_joint,1.9919835329055786,0.6994181275367737,
1.0,dec_single_joint,0.5449262857437134,0.612362802028656,
1.0,dec_single_joint,0.4239618182182312,0.6045344471931458,
1.0,dec_single_joint,0.2617916762828827,0.6174132823944092,
1.0,dec_single_joint,0.2617916762828827,0.6174132823944092,
1.0,dec_single_joint,0.2617916762828827,0.6174132823944092,
1.0,dec_single_joint,0.2412475198507309,0.6251427531242371,
1.0,dec_single_joint,0.21328872442245483,0.5953007936477661,
1.0,dec_single_joint,0.12935487926006317,0.5435001850128174,
1.0,dec_single_joint,0.10962224751710892,0.5321365594863892,
1.0,dec_single_joint,0.10000868141651154,0.5361769199371338,
1.0,dec_single_joint,0.10000868141651154,0.5361769199371338,
1.0,dec_single_joint,0.10000868141651154,0.5361769199371338,
1.0,dec_single_joint,0.10000868141651154,0.5361769199371338,
1.0,dec_single_joint,0.10000868141651154,0.5361769199371338,
1.0,dec_single_joint,0.10000868141651154,0.5361769199371338,
1.0,dec_single_joint,0.10000868141651154,0.5361769199371338,
1.0,dec_single_joint,0.09824338555335999,0.4940052628517151,
1.0,dec_single_joint,0.07260796427726746,0.014690381474792957,
1.0,dec_single_joint,0.07260796427726746,0.014690381474792957,
1.0,dec_single_joint,0.07260796427726746,0.014690381474792957,
1.0,dec_single_joint,0.07260796427726746,0.014690381474792957,
1.0,dec_single_joint,0.07260796427726746,0.014690381474792957,
1.0,dec_single_joint,0.07260796427726746,0.014690381474792957,
1.0,dec_single_joint,0.07260796427726746,0.014690381474792957,
1.0,dec_single_joint,0.07260796427726746,0.014690381474792957,
1.0,dec_escalate_joint,2.042243719100952,0.888208270072937,
1.0,dec_escalate_joint,1.9861332178115845,0.8886913061141968,
1.0,dec_escalate_joint,1.9861332178115845,0.8886913061141968,
1.0,dec_escalate_joint,1.9861332178115845,0.8886913061141968,
1.0,dec_escalate_joint,1.9861332178115845,0.8886913061141968,
1.0,dec_escalate_joint,1.9861332178115845,0.8886913061141968,
1.0,dec_escalate_joint,1.9861332178115845,0.8886913061141968,
1.0,dec_escalate_joint,1.9861332178115845,0.8886913061141968,
1.0,dec_escalate_joint,1.9557822942733765,0.8886913061141968,
1.0,dec_escalate_joint,1.879635214805603,0.8859135508537292,
1.0,dec_escalate_joint,1.546204686164856,0.8831357359886169,
1.0,dec_escalate_joint,1.2900123596191406,0.8878567814826965,
1.0,dec_escalate_joint,1.2131012678146362,0.8877360224723816,
1.0,dec_escalate_joint,0.9587516188621521,0.8869785070419312,
1.0,dec_escalate_joint,0.8703644275665283,0.8922815322875977,
1.0,dec_escalate_joint,0.8603916168212891,0.8932915329933167,
1.0,dec_escalate_joint,0.7845572829246521,0.8922814726829529,
1.0,dec_escalate_joint,0.6065946817398071,0.8806653618812561,
1.0,dec_escalate_joint,0.4782816171646118,0.8737922310829163,
1.0,dec_escalate_joint,0.44271183013916016,0.8725296258926392,
1.0,dec_escalate_joint,0.4316103756427765,0.8710144758224487,
1.0,dec_escalate_joint,0.2887026369571686,0.8369675278663635,
1.0,dec_escalate_joint,0.2887026369571686,0.8369675278663635,
1.0,dec_escalate_joint,0.2887026369571686,0.8369675278663635,
1.0,dec_escalate_joint,0.2645135223865509,0.8042051196098328,
1.0,dec_escalate_joint,0.21397969126701355,0.7602657079696655,
1.0,dec_escalate_joint,0.21397969126701355,0.7602657079696655,
1.0,dec_escalate_joint,0.21397969126701355,0.7602657079696655,
1.0,dec_escalate_joint,0.21397969126701355,0.7602657079696655,
1.0,dec_escalate_joint,0.18666960299015045,0.5921277403831482,
1.0,dec_escalate_joint,0.17139825224876404,0.5379006862640381,
1.0,dec_escalate_joint,0.17139825224876404,0.5379006862640381,
1.0,dec_escalate_joint,0.17139825224876404,0.5379006862640381,
1.0,dec_escalate_joint,0.17139825224876404,0.5379006862640381,
1.0,dec_escalate_joint,0.17139825224876404,0.5379006862640381,
1.0,dec_escalate_joint,0.17139825224876404,0.5379006862640381,
1.0,dec_escalate_joint,0.17139825224876404,0.5379006862640381,
1.0,dec_escalate_joint,0.17139825224876404,0.5379006862640381,
1.0,dec_escalate_joint,0.17139825224876404,0.5379006862640381,
1.0,dec_escalate_joint,0.17139825224876404,0.5379006862640381,
1.0,dec_escalate_joint,0.17139825224876404,0.5379006862640381,
1.0,dec_mixed_joint,5.269421100616455,0.8803799152374268,
1.0,dec_mixed_joint,2.1071438789367676,0.8808630108833313,
1.0,dec_mixed_joint,2.1071438789367676,0.8808630108833313,
1.0,dec_mixed_joint,2.1071438789367676,0.8808630108833313,
1.0,dec_mixed_joint,2.1071438789367676,0.8808630108833313,
1.0,dec_mixed_joint,1.8435041904449463,0.883640706539154,
1.0,dec_mixed_joint,1.8435041904449463,0.883640706539154,
1.0,dec_mixed_joint,1.8435041904449463,0.883640706539154,
1.0,dec_mixed_joint,1.8131531476974487,0.883640706539154,
1.0,dec_mixed_joint,1.8131531476974487,0.883640706539154,
1.0,dec_mixed_joint,1.6025049686431885,0.8788427710533142,
1.0,dec_mixed_joint,1.3861466646194458,0.8805335760116577,
1.0,dec_mixed_joint,1.1264262199401855,0.8783925175666809,
1.0,dec_mixed_joint,0.9363672137260437,0.8776349425315857,
1.0,dec_mixed_joint,0.8634843826293945,0.874352216720581,
1.0,dec_mixed_joint,0.8535115122795105,0.8753622174263,
1.0,dec_mixed_joint,0.6826890707015991,0.8771299123764038,
1.0,dec_mixed_joint,0.5675968527793884,0.8777887225151062,
1.0,dec_mixed_joint,0.49505412578582764,0.8644049167633057,
1.0,dec_mixed_joint,0.4032389223575592,0.8567632436752319,
1.0,dec_mixed_joint,0.33669036626815796,0.8576086759567261,
1.0,dec_mixed_joint,0.31695717573165894,0.8377910256385803,
1.0,dec_mixed_joint,0.28498953580856323,0.8194553852081299,
1.0,dec_mixed_joint,0.2172602117061615,0.7921827435493469,
1.0,dec_mixed_joint,0.18682007491588593,0.7760211229324341,
1.0,dec_mixed_joint,0.17567335069179535,0.7748573422431946,
1.0,dec_mixed_joint,0.17567335069179535,0.7748573422431946,
1.0,dec_mixed_joint,0.14596962928771973,0.7019433975219727,
1.0,dec_mixed_joint,0.10000868141651154,0.5361769199371338,
1.0,dec_mixed_joint,0.10000868141651154,0.5361769199371338,
1.0,dec_mixed_joint,0.10000868141651154,0.5361769199371338,
1.0,dec_mixed_joint,0.10000868141651154,0.5361769199371338,
1.0,dec_mixed_joint,0.09824338555335999,0.4940052628517151,
1.0,dec_mixed_joint,0.07260796427726746,0.014690381474792957,
1.0,dec_mixed_joint,0.07260796427726746,0.014690381474792957,
1.0,dec_mixed_joint,0.07260796427726746,0.014690381474792957,
1.0,dec_mixed_joint,0.07260796427726746,0.014690381474792957,
1.0,dec_mixed_joint,0.07260796427726746,0.014690381474792957,
1.0,dec_mixed_joint,0.07260796427726746,0.014690381474792957,
1.0,dec_mixed_joint,0.07260796427726746,0.014690381474792957,
1.0,dec_mixed_joint,0.07260796427726746,0.014690381474792957,
1.0,dec_pandora,6.589996134234673,0.9739789207776387,2.500032938076416
1.0,dec_pandora,1.6078534464348764,0.9739789207776387,2.6237318840579706
1.0,dec_pandora,1.6078534464348764,0.9739789207776387,2.6237318840579706
1.0,dec_pandora,1.6078534464348764,0.9739789207776387,2.6237318840579706
1.0,dec_pandora,1.6078534464348764,0.9739789207776387,2.6237318840579706
1.0,dec_pandora,1.6078534464348764,0.9739789207776387,2.6237318840579706
1.0,dec_pandora,1.6078534464348764,0.9739789207776387,2.6237318840579706
1.0,dec_pandora,1.6078534464348764,0.9739789207776387,2.6237318840579706
1.0,dec_pandora,1.6078534464348764,0.9739789207776387,2.6237318840579706
1.0,dec_pandora,1.6078534464348764,0.9739789207776387,2.6237318840579706
1.0,dec_pandora,1.6078534464348764,0.9739789207776387,2.6237318840579706
1.0,dec_pandora,1.6078534464348764,0.9739789207776387,2.6237318840579706
1.0,dec_pandora,1.6078534464348764,0.9739789207776387,2.6237318840579706
1.0,dec_pandora,1.6078534464348764,0.9739789207776387,2.6237318840579706
1.0,dec_pandora,1.6078534464348764,0.9739789207776387,2.6237318840579706
1.0,dec_pandora,1.6078534464348764,0.9739789207776387,2.6237318840579706
1.0,dec_pandora,1.6078534464348764,0.9739789207776387,2.6237318840579706
1.0,dec_pandora,1.4402614416726969,0.9739789207776387,2.600477602108037
1.0,dec_pandora,1.3670337698905213,0.9739789207776387,2.588356389986825
1.0,dec_pandora,1.1180893395550682,0.9736001327633858,2.519137022397892
1.0,dec_pandora,0.8191937180301628,0.9721179192264875,2.3884222661396572
1.0,dec_pandora,0.6457985045861364,0.9657938092947006,2.2966567852437416
1.0,dec_pandora,0.334366483679618,0.9165184448162714,2.109123847167325
1.0,dec_pandora,0.334366483679618,0.9165184448162714,2.109123847167325
1.0,dec_pandora,0.334366483679618,0.9165184448162714,2.109123847167325
1.0,dec_pandora,0.26928377657421965,0.858102769156297,1.9584815546772065
1.0,dec_pandora,0.26928377657421965,0.858102769156297,1.9584815546772065
1.0,dec_pandora,0.14591353845749447,0.6968873520692189,1.4647891963109354
1.0,dec_pandora,0.14591353845749447,0.6968873520692189,1.4647891963109354
1.0,dec_pandora,0.10008222892376126,0.5352108038961887,1.0
1.0,dec_pandora,0.10008222892376126,0.5352108038961887,1.0
1.0,dec_pandora,0.10008222892376126,0.5352108038961887,1.0
1.0,dec_pandora,0.10008222892376126,0.5352108038961887,1.0
1.0,dec_pandora,0.10008222892376126,0.5352108038961887,1.0
1.0,dec_pandora,0.10008222892376126,0.5352108038961887,1.0
1.0,dec_pandora,0.10008222892376126,0.5352108038961887,1.0
1.0,dec_pandora,0.10008222892376126,0.5352108038961887,1.0
1.0,dec_pandora,0.10008222892376126,0.5352108038961887,1.0
1.0,dec_pandora,0.10008222892376126,0.5352108038961887,1.0
1.0,dec_pandora,0.10008222892376126,0.5352108038961887,1.0
1.0,dec_pandora,0.10008222892376126,0.5352108038961887,1.0
1.0,dec_revcat,6.589996134234673,0.9739789207776387,2.500032938076416
1.0,dec_revcat,1.6420137887100947,0.9739789207776387,2.699769433465086
1.0,dec_revcat,1.6420137887100947,0.9739789207776387,2.699769433465086
1.0,dec_revcat,1.6420137887100947,0.9739789207776387,2.699769433465086
1.0,dec_revcat,1.634109799192767,0.9739789207776387,2.697875494071147
1.0,dec_revcat,1.6327637910292574,0.9739789207776387,2.697496706192359
1.0,dec_revcat,1.6297362462490461,0.9739789207776387,2.696739130434783
1.0,dec_revcat,1.6060203586013595,0.9736001327633858,2.690299736495389
1.0,dec_revcat,1.5569277323909445,0.9736001327633858,2.6789361001317524
1.0,dec_revcat,1.4905358886411868,0.9736001327633858,2.663801054018445
1.0,dec_revcat,1.4009889601485015,0.9736001327633858,2.6419960474308297
1.0,dec_revcat,1.305036746787658,0.9736001327633858,2.614888010540185
1.0,dec_revcat,1.1920538594518642,0.9736001327633858,2.579891304347826
1.0,dec_revcat,1.056798869171223,0.9724637687206268,2.5444664031620556
1.0,dec_revcat,0.9148259218996305,0.9717061926921209,2.507855731225297
1.0,dec_revcat,0.7960918875476185,0.9709486171603203,2.472793148880105
1.0,dec_revcat,0.7196769622684002,0.9679512525598208,2.4350461133069827
1.0,dec_revcat,0.6255372087955867,0.9634716744224231,2.3860507246376814
1.0,dec_revcat,0.5162387806735688,0.9495388691624006,2.326910408432148
1.0,dec_revcat,0.39766460177850604,0.9289031619826953,2.2096179183135707
1.0,dec_revcat,0.34469685311311404,0.9172760208447774,2.1525032938076416
1.0,dec_revcat,0.3322677818685893,0.9146245057384174,2.1095026350461135
1.0,dec_revcat,0.31205984556922334,0.8980237185955048,2.057361660079051
1.0,dec_revcat,0.27720041003259827,0.8649044831593832,1.9758893280632408
1.0,dec_revcat,0.25108518121121093,0.8377470344305038,1.8851284584980237
1.0,dec_revcat,0.19559847075646752,0.7666501974066099,1.6608036890645586
1.0,dec_revcat,0.14591353845749447,0.6968873520692189,1.4647891963109354
1.0,dec_revcat,0.14319702501093406,0.6908267458279927,1.4356225296442688
1.0,dec_revcat,0.10356866380485691,0.5492259544630845,1.037121212121212
1.0,dec_revcat,0.10008222892376126,0.5352108038961887,1.0
1.0,dec_revcat,0.10008222892376126,0.5352108038961887,1.0
1.0,dec_revcat,0.10008222892376126,0.5352108038961887,1.0
1.0,dec_revcat,0.10008222892376126,0.5352108038961887,1.0
1.0,dec_revcat,0.10008222892376126,0.5352108038961887,1.0
1.0,dec_revcat,0.10008222892376126,0.5352108038961887,1.0
1.0,dec_revcat,0.10008222892376126,0.5352108038961887,1.0
1.0,dec_revcat,0.10008222892376126,0.5352108038961887,1.0
1.0,dec_revcat,0.10008222892376126,0.5352108038961887,1.0
1.0,dec_revcat,0.10008222892376126,0.5352108038961887,1.0
1.0,dec_revcat,0.10008222892376126,0.5352108038961887,1.0
1.0,dec_revcat,0.10008222892376126,0.5352108038961887,1.0
0.95,single_points,9.276904106140137,0.6886034607887268,
0.95,single_points,3.808478832244873,0.5986934900283813,
0.95,single_points,21.59095001220703,0.6914580464363098,
0.95,single_points,6.0883708000183105,0.6564229726791382,
0.95,single_points,13.404322624206543,0.6935550570487976,
0.95,single_points,0.8387231826782227,0.0027777778450399637,
0.95,single_points,5.265920639038086,0.27921608090400696,
0.95,single_points,4.892588138580322,0.3935880661010742,
0.95,single_points,18.29735565185547,0.5377799272537231,
0.95,single_points,2.3366405963897705,0.31549185514450073,
0.95,single_points,8.596776008605957,0.4395805299282074,
0.95,single_points,4.153711795806885,0.5145367383956909,
0.95,single_points,2.316466808319092,0.40743303298950195,
0.95,single_points,12.737649917602539,0.5796332955360413,
0.95,single_points,3.352701425552368,0.4817962646484375,
0.95,single_points,7.791232109069824,0.5663592219352722,
0.95,single_points,6.111572265625,0.727733850479126,
0.95,single_points,1.6865484714508057,0.5685990452766418,
0.95,single_points,12.029446601867676,0.7284585237503052,
0.95,single_points,3.3321430683135986,0.6849362850189209,
0.95,single_points,9.2087984085083,0.7337615489959717,
0.95,single_points,5.487627029418945,0.29704657196998596,
0.95,single_points,7.463020324707031,0.4699055552482605,
0.95,single_points,2.188255548477173,0.30159199237823486,
0.95,single_points,25.989742279052734,0.5211242437362671,
0.95,single_points,4.097256660461426,0.3938845098018646,
0.95,single_points,11.88031005859375,0.4938405454158783,
0.95,single_points,0.10000867396593094,0.5361769199371338,
0.95,single_points,4.281822204589844,0.08238910883665085,
0.95,single_points,0.24124747514724731,0.6251427531242371,
0.95,single_points,1.844233751296997,0.09824330359697342,
0.95,single_points,2.1572413444519043,0.11744620651006699,
0.95,single_points,3.4796910285949707,0.36880767345428467,
0.95,single_points,7.431429386138916,0.288614422082901,
0.95,single_points,4.4770331382751465,0.4643060564994812,
0.95,single_points,2.18442702293396,0.6531510949134827,
0.95,single_points,1.8237465620040894,0.5375823378562927,
0.95,single_points,2.0017824172973633,0.6568511128425598,
0.95,single_points,2.3560266494750977,0.7350351810455322,
0.95,single_points,1.9699456691741943,0.6974198818206787,
0.95,single_points,1.4774951934814453,0.052481334656476974,
0.95,single_points,7.537323474884033,0.17801931500434875,
0.95,single_points,2.8305375576019287,0.35637903213500977,
0.95,single_points,3.9133880138397217,0.4228041470050812,
0.95,single_points,0.4842551350593567,0.6335747838020325,
0.95,single_points,4.001148700714111,0.6822024583816528,
0.95,single_points,2.086649179458618,0.2477162927389145,
0.95,single_points,4.971733093261719,0.5287110209465027,
0.95,single_points,4.812073707580566,0.6424132585525513,
0.95,single_points,1.217673659324646,0.27008122205734253,
0.95,single_points,2.5338034629821777,0.5055775046348572,
0.95,single_points,6.90861701965332,0.6904699206352234,
0.95,single_points,0.7814671993255615,0.44251206517219543,
0.95,single_points,0.07260796427726746,0.014690382406115532,
0.95,single_points,3.132617473602295,0.6773825287818909,
0.95,single_points,0.21662096679210663,0.11368027329444885,
0.95,single_points,1.5486983060836792,0.5593434572219849,
0.95,single_points,3.4720561504364014,0.6982322931289673,
0.95,single_points,1.0710885524749756,0.45546773076057434,
0.95,single_points,8.386049270629883,0.7322134375572205,
0.95,single_points,1.8642641305923462,0.6063021421432495,
0.95,single_points,4.714482307434082,0.6944004893302917,
0.95,single_points,1.1341863870620728,0.5339152216911316,
0.95,single_points,0.42905953526496887,0.23626483976840973,
0.95,single_points,4.969249248504639,0.6919630765914917,
0.95,single_points,0.5840455293655396,0.34259989857673645,
0.95,single_points,2.1389853954315186,0.5955314040184021,
0.95,single_points,3.9015398025512695,0.7278107404708862,
0.95,single_points,1.6082100868225098,0.677931547164917,
0.95,single_points,7.45270299911499,0.725472092628479,
0.95,single_points,3.0884907245635986,0.7230895757675171,
0.95,single_points,4.430572032928467,0.7449933290481567,
0.95,single_points,2.416532278060913,0.5332125425338745,
0.95,single_points,4.399432182312012,0.6557641625404358,
0.95,single_points,1.0485512018203735,0.4047321379184723,
0.95,single_points,3.4320244789123535,0.6836845874786377,
0.95,single_points,5.508119583129883,0.6702898740768433,
0.95,single_points,6.639136791229248,0.13227932155132294,
0.95,single_points,3.1732895374298096,0.23271846771240234,
0.95,single_points,2.819286346435547,0.29676109552383423,
0.95,single_points,4.666293144226074,0.6838164925575256,
0.95,single_points,1.9705265760421753,0.20272286236286163,
0.95,single_points,0.706757128238678,0.0012626262614503503,
0.95,single_points,5.608649730682373,0.2044246792793274,
0.95,single_points,2.4037208557128906,0.5280961394309998,
0.95,single_points,3.6902341842651367,0.5457948446273804,
0.95,single_points,4.241115093231201,0.026844529435038567,
0.95,single_points,2.1259822845458984,0.17052043974399567,
0.95,single_points,3.722062826156616,0.5764053463935852,
0.95,u_single,5.17481608646425,0.7048418972332017,1.0
0.95,u_single,5.17481608646425,0.7048418972332017,1.0
0.95,u_single,5.17481608646425,0.7048418972332017,1.0
0.95,u_single,5.17481608646425,0.7048418972332017,1.0
0.95,u_single,5.17481608646425,0.7048418972332017,1.0
0.95,u_single,5.17481608646425,0.7048418972332017,1.0
0.95,u_single,5.17481608646425,0.7048418972332017,1.0
0.95,u_single,4.730434422869666,0.7159530083443129,1.0
0.95,u_single,4.535336917335128,0.7212560386473431,1.0
0.95,u_single,4.535336917335128,0.7212560386473431,1.0
0.95,u_single,4.166641273790931,0.7298418972332017,1.0
0.95,u_single,3.8775736793699007,0.7174681598594643,1.0
0.95,u_single,3.7140517607305106,0.716205533596838,1.0
0.95,u_single,3.216906563724323,0.7157004830917874,1.0
0.95,u_single,2.3367033273812754,0.6979468599033817,1.0
0.95,u_single,1.7096095347588043,0.6549956082564778,1.0
0.95,u_single,0.5648924725277447,0.5967061923583664,1.0
0.95,u_single,0.2753165266915443,0.6148880105401846,1.0
0.95,u_single,0.2617916689937804,0.6174132630654371,1.0
0.95,u_single,0.24124751693119617,0.625142731664471,1.0
0.95,u_single,0.24124751693119617,0.625142731664471,1.0
0.95,u_single,0.24124751693119617,0.625142731664471,1.0
0.95,u_single,0.24124751693119617,0.625142731664471,1.0
0.95,u_single,0.1387119491397271,0.536352657004831,1.0
0.95,u_single,0.10000867727991777,0.5361769872639438,1.0
0.95,u_single,0.10000867727991777,0.5361769872639438,1.0
0.95,u_single,0.10000867727991777,0.5361769872639438,1.0
0.95,u_single,0.10000867727991777,0.5361769872639438,1.0
0.95,u_single,0.10000867727991777,0.5361769872639438,1.0
0.95,u_single,0.10000867727991777,0.5361769872639438,1.0
0.95,u_single,0.10000867727991777,0.5361769872639438,1.0
0.95,u_single,0.10000867727991777,0.5361769872639438,1.0
0.95,u_single,0.09039501864160422,0.3225406236275801,1.0
0.95,u_single,0.07260796541362824,0.014690382081686429,1.0
0.95,u_single,0.07260796541362824,0.014690382081686429,1.0
0.95,u_single,0.07260796541362824,0.014690382081686429,1.0
0.95,u_single,0.07260796541362824,0.014690382081686429,1.0
0.95,u_single,0.07260796541362824,0.014690382081686429,1.0
0.95,u_single,0.07260796541362824,0.014690382081686429,1.0
0.95,u_single,0.07260796541362824,0.014690382081686429,1.0
0.95,u_single,0.07260796541362824,0.014690382081686429,1.0
0.95,u_dp3,13.093494576533892,0.816750248407993,2.8715729578392617
0.95,u_dp3,9.586432704706416,0.8162252607597715,2.3204275362318842
0.95,u_dp3,8.65274330785136,0.8153690821256038,2.2984421936758896
0.95,u_dp3,7.382709408450996,0.81632297842556,2.314881916996048
0.95,u_dp3,6.532691606677536,0.815942454435661,2.317200098814229
0.95,u_dp3,6.155403235850078,0.8105433382740448,2.281802371541502
0.95,u_dp3,5.691255489894309,0.8104024497694335,2.058520256916996
0.95,u_dp3,5.4820488004729,0.8002585103754941,1.9784748023715415
0.95,u_dp3,4.658422767766955,0.8044250617588933,1.7305731225296443
0.95,u_dp3,4.2083496333181065,0.8087261789086517,1.6327672924901186
0.95,u_dp3,3.915007064914126,0.8065669905577515,1.5920261857707507
0.95,u_dp3,3.04543517064939,0.8217856005709269,1.6148596837944664
0.95,u_dp3,2.128752095329363,0.8371284859464208,1.6132855731225297
0.95,u_dp3,1.8131094189409134,0.8430735617039964,1.592274209486166
0.95,u_dp3,1.525236570473049,0.8498235617039965,1.586899209486166
0.95,u_dp3,0.8295962811023887,0.8580339605292052,1.5850301383399206
0.95,u_dp3,0.6968478868538049,0.8563251537110232,1.599359683794466
0.95,u_dp3,0.560519167295607,0.840764171607378,1.6394836956521737
0.95,u_dp3,0.3405847545930092,0.827799614350022,1.7093661067193675
0.95,u_dp3,0.317722698418355,0.8288713315217393,1.7093661067193675
0.95,u_dp3,0.2953295562469486,0.8141460789964866,1.7088320158102763
0.95,u_dp3,0.26128667270448636,0.794790294246816,1.7388083003952564
0.95,u_dp3,0.2220401776932521,0.7841308739569608,1.7544757905138337
0.95,u_dp3,0.21795095693564182,0.7855690052700922,1.7529303359683792
0.95,u_dp3,0.2112708351565104,0.7782173638559508,1.7529303359683792
0.95,u_dp3,0.1821928556384836,0.7527285902503292,1.7529303359683792
0.95,u_dp3,0.17488341720229494,0.7518963548528764,1.7529303359683792
0.95,u_dp3,0.11349384508042307,0.5808108256477822,1.142878787878788
0.95,u_dp3,0.10000867727991777,0.5361769872639438,1.0
0.95,u_dp3,0.10000867727991777,0.5361769872639438,1.0
0.95,u_dp3,0.10000867727991777,0.5361769872639438,1.0
0.95,u_dp3,0.10000867727991777,0.5361769872639438,1.0
0.95,u_dp3,0.09039501864160422,0.3225406236275801,1.0
0.95,u_dp3,0.07260796541362824,0.014690382081686429,1.0
0.95,u_dp3,0.07260796541362824,0.014690382081686429,1.0
0.95,u_dp3,0.07260796541362824,0.014690382081686429,1.0
0.95,u_dp3,0.07260796541362824,0.014690382081686429,1.0
0.95,u_dp3,0.07260796541362824,0.014690382081686429,1.0
0.95,u_dp3,0.07260796541362824,0.014690382081686429,1.0
0.95,u_dp3,0.07260796541362824,0.014690382081686429,1.0
0.95,u_dp3,0.07260796541362824,0.014690382081686429,1.0
0.95,u_dp3_noom,10.91354113583418,0.7707905426548088,2.1849589920948618
0.95,u_dp3_noom,8.21497196737381,0.7704407334211681,1.6216828063241107
0.95,u_dp3_noom,7.725253556042775,0.7749110232762407,1.6453059947299076
0.95,u_dp3_noom,7.569113556514426,0.7752751729249012,1.5654160079051382
0.95,u_dp3_noom,7.153530057098823,0.7757538853205973,1.570780632411067
0.95,u_dp3_noom,6.439866844866227,0.777173189778217,1.5644856719367586
0.95,u_dp3_noom,5.950505914774649,0.7830525142731665,1.5611220355731221
0.95,u_dp3_noom,4.936766140477346,0.792767325428195,1.542201581027668
0.95,u_dp3_noom,4.648473250129277,0.7957528052261748,1.542201581027668
0.95,u_dp3_noom,4.169810992746089,0.8030616065546773,1.535276679841897
0.95,u_dp3_noom,3.4525509742768743,0.8058915362867809,1.5659812252964427
0.95,u_dp3_noom,2.5493666824707844,0.7988262873298201,1.6203680830039524
0.95,u_dp3_noom,1.499859361141597,0.837894900087835,1.6022287549407115
0.95,u_dp3_noom,1.2150193648329195,0.8420158377250769,1.6192919960474308
0.95,u_dp3_noom,0.9285291486482881,0.8397708058849364,1.6173379446640317
0.95,u_dp3_noom,0.6256160281042378,0.8243655577514273,1.6152811264822131
0.95,u_dp3_noom,0.5076987255905329,0.820794356609574,1.603541007905138
0.95,u_dp3_noom,0.4233331313518447,0.8210933519982434,1.6046205533596833
0.95,u_dp3_noom,0.39285862981493536,0.8252907334211681,1.5989945652173911
0.95,u_dp3_noom,0.33278342769598424,0.8118235617039965,1.683064229249012
0.95,u_dp3_noom,0.27477549695138925,0.7936993851559069,1.7301378458498022
0.95,u_dp3_noom,0.22512330423811042,0.7870854194115062,1.7479530632411064
0.95,u_dp3_noom,0.21351996728637831,0.7711357872200263,1.7544757905138337
0.95,u_dp3_noom,0.17701095775316225,0.7506905467720685,1.7529303359683792
0.95,u_dp3_noom,0.17488341720229494,0.7518963548528764,1.7529303359683792
0.95,u_dp3_noom,0.17488341720229494,0.7518963548528764,1.7529303359683792
0.95,u_dp3_noom,0.17488341720229494,0.7518963548528764,1.7529303359683792
0.95,u_dp3_noom,0.17488341720229494,0.7518963548528764,1.7529303359683792
0.95,u_dp3_noom,0.10634677093493236,0.5538411286780852,1.0612121212121213
0.95,u_dp3_noom,0.10000867727991777,0.5361769872639438,1.0
0.95,u_dp3_noom,0.10000867727991777,0.5361769872639438,1.0
0.95,u_dp3_noom,0.10000867727991777,0.5361769872639438,1.0
0.95,u_dp3_noom,0.09715752400475038,0.46370223978919634,1.0
0.95,u_dp3_noom,0.07260796541362824,0.014690382081686429,1.0
0.95,u_dp3_noom,0.07260796541362824,0.014690382081686429,1.0
0.95,u_dp3_noom,0.07260796541362824,0.014690382081686429,1.0
0.95,u_dp3_noom,0.07260796541362824,0.014690382081686429,1.0
0.95,u_dp3_noom,0.07260796541362824,0.014690382081686429,1.0
0.95,u_dp3_noom,0.07260796541362824,0.014690382081686429,1.0
0.95,u_dp3_noom,0.07260796541362824,0.014690382081686429,1.0
0.95,u_dp3_noom,0.07260796541362824,0.014690382081686429,1.0
0.95,u_single_emp,5.167924121663558,0.6801493192797541,1.0
0.95,u_single_emp,5.167924121663558,0.6801493192797541,1.0
0.95,u_single_emp,5.167924121663558,0.6801493192797541,1.0
0.95,u_single_emp,5.167924121663558,0.6801493192797541,1.0
0.95,u_single_emp,5.167924121663558,0.6801493192797541,1.0
0.95,u_single_emp,4.720928574494484,0.6823232323232323,1.0
0.95,u_single_emp,4.525831068959946,0.6876262626262626,1.0
0.95,u_single_emp,4.525831068959946,0.6876262626262626,1.0
0.95,u_single_emp,3.9954618137122035,0.6934343434343435,1.0
0.95,u_single_emp,3.6267661701680063,0.7020202020202021,1.0
0.95,u_single_emp,3.2860449635097733,0.6979468599033817,1.0
0.95,u_single_emp,2.675221686208515,0.7181488801054018,1.0
0.95,u_single_emp,2.4036110289849675,0.7272068511198946,1.0
0.95,u_single_emp,2.3560262975145125,0.7350351339481773,1.0
0.95,u_single_emp,2.3560262975145125,0.7350351339481773,1.0
0.95,u_single_emp,2.207414212198597,0.723671497584541,1.0
0.95,u_single_emp,0.6982582975043166,0.6054347826086957,1.0
0.95,u_single_emp,0.2617916689937804,0.6174132630654371,1.0
0.95,u_single_emp,0.2617916689937804,0.6174132630654371,1.0
0.95,u_single_emp,0.24124751693119617,0.625142731664471,1.0
0.95,u_single_emp,0.24124751693119617,0.625142731664471,1.0
0.95,u_single_emp,0.24124751693119617,0.625142731664471,1.0
0.95,u_single_emp,0.24124751693119617,0.625142731664471,1.0
0.95,u_single_emp,0.11878687653180946,0.5306214317083883,1.0
0.95,u_single_emp,0.10000867727991777,0.5361769872639438,1.0
0.95,u_single_emp,0.10000867727991777,0.5361769872639438,1.0
0.95,u_single_emp,0.10000867727991777,0.5361769872639438,1.0
0.95,u_single_emp,0.10000867727991777,0.5361769872639438,1.0
0.95,u_single_emp,0.10000867727991777,0.5361769872639438,1.0
0.95,u_single_emp,0.10000867727991777,0.5361769872639438,1.0
0.95,u_single_emp,0.10000867727991777,0.5361769872639438,1.0
0.95,u_single_emp,0.10000867727991777,0.5361769872639438,1.0
0.95,u_single_emp,0.10000867727991777,0.5361769872639438,1.0
0.95,u_single_emp,0.07260796541362824,0.014690382081686429,1.0
0.95,u_single_emp,0.07260796541362824,0.014690382081686429,1.0
0.95,u_single_emp,0.07260796541362824,0.014690382081686429,1.0
0.95,u_single_emp,0.07260796541362824,0.014690382081686429,1.0
0.95,u_single_emp,0.07260796541362824,0.014690382081686429,1.0
0.95,u_single_emp,0.07260796541362824,0.014690382081686429,1.0
0.95,u_single_emp,0.07260796541362824,0.014690382081686429,1.0
0.95,u_single_emp,0.07260796541362824,0.014690382081686429,1.0
0.95,u_dp3_emp,11.565080007913064,0.8702354564668425,2.9004362648221345
0.95,u_dp3_emp,8.576907063114147,0.869008503513395,2.603755105401845
0.95,u_dp3_emp,7.672518984876981,0.8688176534365393,2.606535737812912
0.95,u_dp3_emp,6.731998427811339,0.8688479550944224,2.588775197628459
0.95,u_dp3_emp,5.55819386002209,0.864953336352657,2.56249209486166
0.95,u_dp3_emp,4.674032788734104,0.8675507932586737,2.513540678524374
0.95,u_dp3_emp,3.4352758389495857,0.8667130503403602,2.3988134057971013
0.95,u_dp3_emp,2.9065142487369138,0.8641597277119016,2.314515316205534
0.95,u_dp3_emp,2.6228556409448514,0.8631123476613966,2.3445266798418976
0.95,u_dp3_emp,2.448951058447724,0.8649144941260432,2.342276679841897
0.95,u_dp3_emp,1.9922693294154534,0.8692259167764603,2.347534584980237
0.95,u_dp3_emp,1.5835030176189806,0.8712075332125604,2.1070632411067196
0.95,u_dp3_emp,1.1998288441066325,0.8701565189942908,1.7442653162055337
0.95,u_dp3_emp,0.9853441837815268,0.8692015398550725,1.5881096837944664
0.95,u_dp3_emp,0.923116950343856,0.8676991724308302,1.5884392292490117
0.95,u_dp3_emp,0.8724728310492793,0.8750692797540623,1.592052865612648
0.95,u_dp3_emp,0.8093752727786944,0.8662668807641634,1.5996665019762843
0.95,u_dp3_emp,0.6419439808650881,0.8462477409969258,1.635790513833992
0.95,u_dp3_emp,0.4244102911834681,0.8337707592226614,1.711979743083004
0.95,u_dp3_emp,0.31544644584209913,0.8241799393390427,1.7093661067193675
0.95,u_dp3_emp,0.30376842630225803,0.8252870416117699,1.7088320158102763
0.95,u_dp3_emp,0.30376842630225803,0.8252870416117699,1.7088320158102763
0.95,u_dp3_emp,0.27812969764280615,0.8108561429512517,1.7242964426877465
0.95,u_dp3_emp,0.21795095693564182,0.7855690052700922,1.7529303359683792
0.95,u_dp3_emp,0.21795095693564182,0.7855690052700922,1.7529303359683792
0.95,u_dp3_emp,0.19783598721431297,0.7614299791392181,1.7529303359683792
0.95,u_dp3_emp,0.14640388196569837,0.6855670838823013,1.4674407114624506
0.95,u_dp3_emp,0.10000867727991777,0.5361769872639438,1.0
0.95,u_dp3_emp,0.10000867727991777,0.5361769872639438,1.0
0.95,u_dp3_emp,0.10000867727991777,0.5361769872639438,1.0
0.95,u_dp3_emp,0.10000867727991777,0.5361769872639438,1.0
0.95,u_dp3_emp,0.10000867727991777,0.5361769872639438,1.0
0.95,u_dp3_emp,0.10000867727991777,0.5361769872639438,1.0
0.95,u_dp3_emp,0.07260796541362824,0.014690382081686429,1.0
0.95,u_dp3_emp,0.07260796541362824,0.014690382081686429,1.0
0.95,u_dp3_emp,0.07260796541362824,0.014690382081686429,1.0
0.95,u_dp3_emp,0.07260796541362824,0.014690382081686429,1.0
0.95,u_dp3_emp,0.07260796541362824,0.014690382081686429,1.0
0.95,u_dp3_emp,0.07260796541362824,0.014690382081686429,1.0
0.95,u_dp3_emp,0.07260796541362824,0.014690382081686429,1.0
0.95,u_dp3_emp,0.07260796541362824,0.014690382081686429,1.0
0.95,u_dp3_raw,11.55278245928609,0.8710435372749233,2.889644598155468
0.95,u_dp3_raw,8.03232417276912,0.8698498833443128,2.5861506916996055
0.95,u_dp3_raw,7.293491190915657,0.8699196105072463,2.55548649538867
0.95,u_dp3_raw,6.309650128447464,0.8687470534145805,2.570692852437418
0.95,u_dp3_raw,5.348353854653436,0.8680816548638559,2.6148135704874838
0.95,u_dp3_raw,3.800756252330184,0.8659714577843654,2.476991600790514
0.95,u_dp3_raw,2.8757456382768933,0.8683657636144049,2.314814229249012
0.95,u_dp3_raw,2.633619087869024,0.8692030110891523,2.3438937747035578
0.95,u_dp3_raw,2.5738327194453507,0.868515100735617,2.344882411067194
0.95,u_dp3_raw,2.3516444686619384,0.8698311676548091,2.343132411067194
0.95,u_dp3_raw,1.7852215480915985,0.8698478068730787,2.3487845849802373
0.95,u_dp3_raw,1.6304620442362845,0.871398694828722,2.2127450592885376
0.95,u_dp3_raw,1.2335211809855857,0.8699689284145806,1.8621882411067194
0.95,u_dp3_raw,0.9853441837815268,0.8692015398550725,1.5881096837944664
0.95,u_dp3_raw,0.9159438632455495,0.8693727835419413,1.5884392292490117
0.95,u_dp3_raw,0.8559717338637609,0.8796399868247694,1.592052865612648
0.95,u_dp3_raw,0.8370873962465354,0.8739007191480017,1.607961956521739
0.95,u_dp3_raw,0.6661752048758572,0.8513211942797541,1.6466996047430829
0.95,u_dp3_raw,0.45605941118703636,0.8381003993741766,1.7109001976284584
0.95,u_dp3_raw,0.31544644584209913,0.8241499519653053,1.7093661067193675
0.95,u_dp3_raw,0.30376842630225803,0.8252570542380326,1.7088320158102763
0.95,u_dp3_raw,0.30376842630225803,0.8252570542380326,1.7088320158102763
0.95,u_dp3_raw,0.28399951865801526,0.8156484409310496,1.7192509881422922
0.95,u_dp3_raw,0.21795095693564182,0.7855690052700922,1.7529303359683792
0.95,u_dp3_raw,0.21795095693564182,0.7855690052700922,1.7529303359683792
0.95,u_dp3_raw,0.20563986303360846,0.7688207619675009,1.7529303359683792
0.95,u_dp3_raw,0.14640388196569837,0.6855670838823013,1.4674407114624506
0.95,u_dp3_raw,0.10000867727991777,0.5361769872639438,1.0
0.95,u_dp3_raw,0.10000867727991777,0.5361769872639438,1.0
0.95,u_dp3_raw,0.10000867727991777,0.5361769872639438,1.0
0.95,u_dp3_raw,0.10000867727991777,0.5361769872639438,1.0
0.95,u_dp3_raw,0.10000867727991777,0.5361769872639438,1.0
0.95,u_dp3_raw,0.09652439703429458,0.4571365832235398,1.0
0.95,u_dp3_raw,0.07260796541362824,0.014690382081686429,1.0
0.95,u_dp3_raw,0.07260796541362824,0.014690382081686429,1.0
0.95,u_dp3_raw,0.07260796541362824,0.014690382081686429,1.0
0.95,u_dp3_raw,0.07260796541362824,0.014690382081686429,1.0
0.95,u_dp3_raw,0.07260796541362824,0.014690382081686429,1.0
0.95,u_dp3_raw,0.07260796541362824,0.014690382081686429,1.0
0.95,u_dp3_raw,0.07260796541362824,0.014690382081686429,1.0
0.95,u_dp3_raw,0.07260796541362824,0.014690382081686429,1.0
0.95,u_dp3_emp_indep,8.156786555862293,0.7718089591567853,1.572074604743083
0.95,u_dp3_emp_indep,7.464785984936176,0.7763222441809398,1.5600834980237153
0.95,u_dp3_emp_indep,6.611223796301951,0.7792728370663153,1.5522035573122528
0.95,u_dp3_emp_indep,6.154844789668998,0.7891301602986386,1.536703557312253
0.95,u_dp3_emp_indep,5.652679622249892,0.7989967885375495,1.5339303359683794
0.95,u_dp3_emp_indep,4.605146395025467,0.8197629556433905,1.4943962450592885
0.95,u_dp3_emp_indep,4.326113838112125,0.8209719202898551,1.4882030632411067
0.95,u_dp3_emp_indep,3.839551986665265,0.836810551163812,1.463666996047431
0.95,u_dp3_emp_indep,3.702139627933105,0.8444210309617919,1.4641442687747037
0.95,u_dp3_emp_indep,3.6098130773655503,0.841749780412824,1.463926877470356
0.95,u_dp3_emp_indep,2.8193200041743363,0.8436167105841019,1.5312628458498028
0.95,u_dp3_emp_indep,1.8154679419848863,0.860671332894159,1.5740795454545455
0.95,u_dp3_emp_indep,1.2782812977605047,0.864530248133509,1.5897134387351775
0.95,u_dp3_emp_indep,0.9769779347920603,0.8685526734738692,1.6219402173913045
0.95,u_dp3_emp_indep,0.8303700944340469,0.8759648660518226,1.6019728260869561
0.95,u_dp3_emp_indep,0.7988193760307573,0.8679749670619238,1.6019728260869561
0.95,u_dp3_emp_indep,0.45598559647642367,0.8191490173473871,1.6019728260869561
0.95,u_dp3_emp_indep,0.3875139390622963,0.823443511198946,1.5989945652173911
0.95,u_dp3_emp_indep,0.3875139390622963,0.823443511198946,1.5989945652173911
0.95,u_dp3_emp_indep,0.3010072820837197,0.8046356499780415,1.7061842885375496
0.95,u_dp3_emp_indep,0.26665570333925553,0.802592693236715,1.7156719367588933
0.95,u_dp3_emp_indep,0.2220401776932521,0.7841308739569608,1.7544757905138337
0.95,u_dp3_emp_indep,0.21795095693564182,0.7855690052700922,1.7529303359683792
0.95,u_dp3_emp_indep,0.1804514932019666,0.7510320871761088,1.7529303359683792
0.95,u_dp3_emp_indep,0.17488341720229494,0.7518963548528764,1.7529303359683792
0.95,u_dp3_emp_indep,0.17488341720229494,0.7518963548528764,1.7529303359683792
0.95,u_dp3_emp_indep,0.17488341720229494,0.7518963548528764,1.7529303359683792
0.95,u_dp3_emp_indep,0.17488341720229494,0.7518963548528764,1.7529303359683792
0.95,u_dp3_emp_indep,0.17488341720229494,0.7518963548528764,1.7529303359683792
0.95,u_dp3_emp_indep,0.10000867727991777,0.5361769872639438,1.0
0.95,u_dp3_emp_indep,0.10000867727991777,0.5361769872639438,1.0
0.95,u_dp3_emp_indep,0.10000867727991777,0.5361769872639438,1.0
0.95,u_dp3_emp_indep,0.10000867727991777,0.5361769872639438,1.0
0.95,u_dp3_emp_indep,0.07260796541362824,0.014690382081686429,1.0
0.95,u_dp3_emp_indep,0.07260796541362824,0.014690382081686429,1.0
0.95,u_dp3_emp_indep,0.07260796541362824,0.014690382081686429,1.0
0.95,u_dp3_emp_indep,0.07260796541362824,0.014690382081686429,1.0
0.95,u_dp3_emp_indep,0.07260796541362824,0.014690382081686429,1.0
0.95,u_dp3_emp_indep,0.07260796541362824,0.014690382081686429,1.0
0.95,u_dp3_emp_indep,0.07260796541362824,0.014690382081686429,1.0
0.95,u_dp3_emp_indep,0.07260796541362824,0.014690382081686429,1.0
0.95,u_pidx,14.020062369121689,0.8889538219453365,3.2069197525938735
0.95,u_pidx,12.575491827791135,0.8902193743216814,3.1976813900691705
0.95,u_pidx,12.391885534462102,0.8905374574913538,3.1965296992341905
0.95,u_pidx,11.763086621875752,0.8903511280850284,3.1874202202322124
0.95,u_pidx,11.32126723634814,0.8906993723526021,3.1821799865983196
0.95,u_pidx,10.47636205872975,0.8937042398188749,3.1683067692687743
0.95,u_pidx,9.784292074217783,0.8943998395780153,3.1991591493330045
0.95,u_pidx,8.354967957761627,0.8954078008671977,3.23683213444911
0.95,u_pidx,7.243129362964596,0.8970431190473005,3.3504760812541177
0.95,u_pidx,5.092538224550577,0.9107560842526831,3.3725149863718706
0.95,u_pidx,3.6418693490834446,0.9115665587910353,3.3734029852190384
0.95,u_pidx,2.5281380234038533,0.9186761635370349,3.430050895586298
0.95,u_pidx,1.7469392981495264,0.9228018562439957,3.430210286664197
0.95,u_pidx,1.2165771483151195,0.9197257213599995,3.345890429594862
0.95,u_pidx,0.9721187641612534,0.9142813042649662,3.2874556579792493
0.95,u_pidx,0.7866792724504836,0.9106428192116477,3.0819843990036233
0.95,u_pidx,0.5780074741424328,0.9091601056979443,2.3189180939970355
0.95,u_pidx,0.5649443377256078,0.9052299005700688,2.766950581665843
0.95,u_pidx,0.5416317419900697,0.9029867931233188,2.756396074913537
0.95,u_pidx,0.4052780050623989,0.8934034973526022,2.159644292366601
0.95,u_pidx,0.33958382862910125,0.8793391142553248,2.0679534652091562
0.95,u_pidx,0.3170476913996637,0.8749648104839152,2.05529718638834
0.95,u_pidx,0.2968690010229135,0.8598470073012734,2.0077203800230565
0.95,u_pidx,0.2611372011575642,0.8283831809947297,1.92621479743083
0.95,u_pidx,0.2551005066325861,0.8185223224088711,1.9025663125823449
0.95,u_pidx,0.21795095693564182,0.7855690052700922,1.7529303359683792
0.95,u_pidx,0.14640388196569837,0.6855670838823013,1.4674407114624506
0.95,u_pidx,0.1355529658163873,0.6522842555994731,1.357743741765481
0.95,u_pidx,0.10000867727991777,0.5361769872639438,1.0
0.95,u_pidx,0.10000867727991777,0.5361769872639438,1.0
0.95,u_pidx,0.10000867727991777,0.5361769872639438,1.0
0.95,u_pidx,0.10000867727991777,0.5361769872639438,1.0
0.95,u_pidx,0.09039501864160422,0.3225406236275801,1.0
0.95,u_pidx,0.07260796541362824,0.014690382081686429,1.0
0.95,u_pidx,0.07260796541362824,0.014690382081686429,1.0
0.95,u_pidx,0.07260796541362824,0.014690382081686429,1.0
0.95,u_pidx,0.07260796541362824,0.014690382081686429,1.0
0.95,u_pidx,0.07260796541362824,0.014690382081686429,1.0
0.95,u_pidx,0.07260796541362824,0.014690382081686429,1.0
0.95,u_pidx,0.07260796541362824,0.014690382081686429,1.0
0.95,u_pidx,0.07260796541362824,0.014690382081686429,1.0
0.95,u_pidx_emp,13.216131268273651,0.9321042377010593,3.416772335865448
0.95,u_pidx_emp,10.311306303820892,0.9329989393275485,3.192593181324111
0.95,u_pidx_emp,10.007843628481426,0.9322915360032046,3.2059284873188414
0.95,u_pidx_emp,8.642256556627046,0.9335753134217516,3.1898201255146574
0.95,u_pidx_emp,7.751103750813709,0.934858524220637,3.1629997592226617
0.95,u_pidx_emp,7.050938519071815,0.9356658825115969,3.1498487700098816
0.95,u_pidx_emp,6.471486767092068,0.9359612660866479,3.1192297037425893
0.95,u_pidx_emp,6.009334363734739,0.9364719521258784,3.12647069312006
0.95,u_pidx_emp,4.801032560814702,0.9354959207791228,3.3029123411972994
0.95,u_pidx_emp,3.3917310381261205,0.9328469591209309,3.374059678174407
0.95,u_pidx_emp,2.5277351659531226,0.9336203800570241,3.3673135518568835
0.95,u_pidx_emp,2.1695930995763066,0.9315224021639629,3.378895540102108
0.95,u_pidx_emp,1.7655984617935594,0.9294880017539526,3.384621730690052
0.95,u_pidx_emp,1.3563055562861352,0.9226126471915144,3.357787293231226
0.95,u_pidx_emp,1.0604775646064681,0.9205863924326484,3.271856729413703
0.95,u_pidx_emp,0.9406167874275966,0.9174362853648578,3.029624745018116
0.95,u_pidx_emp,0.6629788446425451,0.91103925542123,2.520764463768116
0.95,u_pidx_emp,0.6200479020129281,0.9080243085464016,2.8670505848361327
0.95,u_pidx_emp,0.5857531830807541,0.9068369434451513,2.79872363411973
0.95,u_pidx_emp,0.47170630150723836,0.896046962475811,2.260142938817523
0.95,u_pidx_emp,0.353065595876286,0.8800067522348141,2.0527579242012517
0.95,u_pidx_emp,0.3234692939227369,0.8747796722879269,2.0562595097579055
0.95,u_pidx_emp,0.3042725696352963,0.8620766535394707,2.021781943922925
0.95,u_pidx_emp,0.29375827687161216,0.8547818526295562,1.9999130883563896
0.95,u_pidx_emp,0.22773766577365773,0.7897692577953447,1.7922916996047424
0.95,u_pidx_emp,0.21329266618674345,0.7753516139657444,1.7349810606060603
0.95,u_pidx_emp,0.14640388196569837,0.6855670838823013,1.4674407114624506
0.95,u_pidx_emp,0.12342764991716977,0.6089942907334212,1.2374242424242425
0.95,u_pidx_emp,0.10000867727991777,0.5361769872639438,1.0
0.95,u_pidx_emp,0.10000867727991777,0.5361769872639438,1.0
0.95,u_pidx_emp,0.10000867727991777,0.5361769872639438,1.0
0.95,u_pidx_emp,0.10000867727991777,0.5361769872639438,1.0
0.95,u_pidx_emp,0.10000867727991777,0.5361769872639438,1.0
0.95,u_pidx_emp,0.07260796541362824,0.014690382081686429,1.0
0.95,u_pidx_emp,0.07260796541362824,0.014690382081686429,1.0
0.95,u_pidx_emp,0.07260796541362824,0.014690382081686429,1.0
0.95,u_pidx_emp,0.07260796541362824,0.014690382081686429,1.0
0.95,u_pidx_emp,0.07260796541362824,0.014690382081686429,1.0
0.95,u_pidx_emp,0.07260796541362824,0.014690382081686429,1.0
0.95,u_pidx_emp,0.07260796541362824,0.014690382081686429,1.0
0.95,u_pidx_emp,0.07260796541362824,0.014690382081686429,1.0
0.95,u_pidx_emp_indep,9.4246743461806,0.8580478259183202,1.9706750123517789
0.95,u_pidx_emp_indep,6.7611958745868375,0.8654183127118675,1.9090233720973317
0.95,u_pidx_emp_indep,6.3672719033681355,0.8714408199167284,1.88836276840415
0.95,u_pidx_emp_indep,5.481356730664673,0.8744530407968956,1.8312891096220356
0.95,u_pidx_emp_indep,4.892446304412396,0.8799970576098965,1.8011338319540515
0.95,u_pidx_emp_indep,4.616281241624622,0.8835565915230773,1.8129663296689722
0.95,u_pidx_emp_indep,4.250477845308671,0.8848108925477601,1.800865832633399
0.95,u_pidx_emp_indep,3.9097154416534012,0.8916778191529767,1.7935754632534588
0.95,u_pidx_emp_indep,2.8027718103309396,0.8963704095103551,1.879982887104743
0.95,u_pidx_emp_indep,1.51396467125033,0.9101809105043299,1.9299253453557312
0.95,u_pidx_emp_indep,0.8362914711656779,0.9184512105617999,1.8436099820281624
0.95,u_pidx_emp_indep,0.5988708825247918,0.9080939003760429,1.8742682833498023
0.95,u_pidx_emp_indep,0.5395134985539382,0.909012288663812,1.861838847826087
0.95,u_pidx_emp_indep,0.5355084689602392,0.9079609888413688,1.8817582128829051
0.95,u_pidx_emp_indep,0.5167177418202269,0.9048533455988211,1.9406398743206525
0.95,u_pidx_emp_indep,0.5167177418202269,0.9048533455988211,1.9406398743206525
0.95,u_pidx_emp_indep,0.4808024924331533,0.8988528447341966,2.054333574913538
0.95,u_pidx_emp_indep,0.4186814034447023,0.8950151623395983,2.1270475571269762
0.95,u_pidx_emp_indep,0.4079252057950783,0.8955608725668712,2.1167077843997033
0.95,u_pidx_emp_indep,0.4079252057950783,0.8955608725668712,2.1167077843997033
0.95,u_pidx_emp_indep,0.4079252057950783,0.8955608725668712,2.1167077843997033
0.95,u_pidx_emp_indep,0.3712029841330274,0.8856851712912068,2.096058476161067
0.95,u_pidx_emp_indep,0.3170476913996637,0.8749416330178482,2.05529718638834
0.95,u_pidx_emp_indep,0.3170476913996637,0.8749416330178482,2.05529718638834
0.95,u_pidx_emp_indep,0.3170476913996637,0.8749416330178482,2.05529718638834
0.95,u_pidx_emp_indep,0.2611372011575642,0.8283831809947297,1.92621479743083
0.95,u_pidx_emp_indep,0.2611372011575642,0.8283831809947297,1.92621479743083
0.95,u_pidx_emp_indep,0.14640388196569837,0.6855670838823013,1.4674407114624506
0.95,u_pidx_emp_indep,0.14640388196569837,0.6855670838823013,1.4674407114624506
0.95,u_pidx_emp_indep,0.10000867727991777,0.5361769872639438,1.0
0.95,u_pidx_emp_indep,0.10000867727991777,0.5361769872639438,1.0
0.95,u_pidx_emp_indep,0.10000867727991777,0.5361769872639438,1.0
0.95,u_pidx_emp_indep,0.10000867727991777,0.5361769872639438,1.0
0.95,u_pidx_emp_indep,0.07260796541362824,0.014690382081686429,1.0
0.95,u_pidx_emp_indep,0.07260796541362824,0.014690382081686429,1.0
0.95,u_pidx_emp_indep,0.07260796541362824,0.014690382081686429,1.0
0.95,u_pidx_emp_indep,0.07260796541362824,0.014690382081686429,1.0
0.95,u_pidx_emp_indep,0.07260796541362824,0.014690382081686429,1.0
0.95,u_pidx_emp_indep,0.07260796541362824,0.014690382081686429,1.0
0.95,u_pidx_emp_indep,0.07260796541362824,0.014690382081686429,1.0
0.95,u_pidx_emp_indep,0.07260796541362824,0.014690382081686429,1.0
0.95,dec_single_joint,6.397681713104248,0.6699934601783752,
0.95,dec_single_joint,6.115071773529053,0.6687857508659363,
0.95,dec_single_joint,6.115071773529053,0.6687857508659363,
0.95,dec_single_joint,5.752474308013916,0.6745938062667847,
0.95,dec_single_joint,5.465745449066162,0.6763614416122437,
0.95,dec_single_joint,5.465745449066162,0.6763614416122437,
0.95,dec_single_joint,4.890247821807861,0.6877250671386719,
0.95,dec_single_joint,4.608848571777344,0.6937856674194336,
0.95,dec_single_joint,3.8735077381134033,0.6991984844207764,
0.95,dec_single_joint,3.7187864780426025,0.6999560594558716,
0.95,dec_single_joint,3.4446916580200195,0.702228844165802,
0.95,dec_single_joint,2.685858726501465,0.72050940990448,
0.95,dec_single_joint,2.5089752674102783,0.7261857390403748,
0.95,dec_single_joint,2.3714327812194824,0.7274484038352966,
0.95,dec_single_joint,2.3053362369537354,0.731488823890686,
0.95,dec_single_joint,1.9919835329055786,0.6994181275367737,
0.95,dec_single_joint,0.5449262857437134,0.612362802028656,
0.95,dec_single_joint,0.4239618182182312,0.6045344471931458,
0.95,dec_single_joint,0.2617916762828827,0.6174132823944092,
0.95,dec_single_joint,0.2617916762828827,0.6174132823944092,
0.95,dec_single_joint,0.2617916762828827,0.6174132823944092,
0.95,dec_single_joint,0.2412475198507309,0.6251427531242371,
0.95,dec_single_joint,0.21328872442245483,0.5953007936477661,
0.95,dec_single_joint,0.12935487926006317,0.5435001850128174,
0.95,dec_single_joint,0.10962224751710892,0.5321365594863892,
0.95,dec_single_joint,0.10000868141651154,0.5361769199371338,
0.95,dec_single_joint,0.10000868141651154,0.5361769199371338,
0.95,dec_single_joint,0.10000868141651154,0.5361769199371338,
0.95,dec_single_joint,0.10000868141651154,0.5361769199371338,
0.95,dec_single_joint,0.10000868141651154,0.5361769199371338,
0.95,dec_single_joint,0.10000868141651154,0.5361769199371338,
0.95,dec_single_joint,0.10000868141651154,0.5361769199371338,
0.95,dec_single_joint,0.09824338555335999,0.4940052628517151,
0.95,dec_single_joint,0.07260796427726746,0.014690381474792957,
0.95,dec_single_joint,0.07260796427726746,0.014690381474792957,
0.95,dec_single_joint,0.07260796427726746,0.014690381474792957,
0.95,dec_single_joint,0.07260796427726746,0.014690381474792957,
0.95,dec_single_joint,0.07260796427726746,0.014690381474792957,
0.95,dec_single_joint,0.07260796427726746,0.014690381474792957,
0.95,dec_single_joint,0.07260796427726746,0.014690381474792957,
0.95,dec_single_joint,0.07260796427726746,0.014690381474792957,
0.95,dec_escalate_joint,2.835718870162964,0.8578174114227295,
0.95,dec_escalate_joint,2.835718870162964,0.8578174114227295,
0.95,dec_escalate_joint,2.557993173599243,0.858461320400238,
0.95,dec_escalate_joint,2.557993173599243,0.858461320400238,
0.95,dec_escalate_joint,2.557993173599243,0.858461320400238,
0.95,dec_escalate_joint,2.4347941875457764,0.8587043881416321,
0.95,dec_escalate_joint,2.2061007022857666,0.8627857565879822,
0.95,dec_escalate_joint,2.2061007022857666,0.8627857565879822,
0.95,dec_escalate_joint,2.0272176265716553,0.8667210936546326,
0.95,dec_escalate_joint,1.9271942377090454,0.8690682053565979,
0.95,dec_escalate_joint,1.6895313262939453,0.8636597990989685,
0.95,dec_escalate_joint,1.5542304515838623,0.8694351315498352,
0.95,dec_escalate_joint,1.202598214149475,0.8732882142066956,
0.95,dec_escalate_joint,0.9050903916358948,0.8712409138679504,
0.95,dec_escalate_joint,0.9028084874153137,0.8694751858711243,
0.95,dec_escalate_joint,0.8552961349487305,0.867689847946167,
0.95,dec_escalate_joint,0.818153440952301,0.8730843663215637,
0.95,dec_escalate_joint,0.6672738790512085,0.8526354432106018,
0.95,dec_escalate_joint,0.47280269861221313,0.8435896039009094,
0.95,dec_escalate_joint,0.42661523818969727,0.841314971446991,
0.95,dec_escalate_joint,0.3774731755256653,0.8303191661834717,
0.95,dec_escalate_joint,0.28824546933174133,0.8109309673309326,
0.95,dec_escalate_joint,0.28824546933174133,0.8109309673309326,
0.95,dec_escalate_joint,0.28824546933174133,0.8109309673309326,
0.95,dec_escalate_joint,0.2376069873571396,0.7597754597663879,
0.95,dec_escalate_joint,0.21464495360851288,0.7423051595687866,
0.95,dec_escalate_joint,0.21464495360851288,0.7423051595687866,
0.95,dec_escalate_joint,0.21464495360851288,0.7423051595687866,
0.95,dec_escalate_joint,0.21159730851650238,0.7233196496963501,
0.95,dec_escalate_joint,0.1665196567773819,0.5116539597511292,
0.95,dec_escalate_joint,0.1665196567773819,0.5116539597511292,
0.95,dec_escalate_joint,0.1665196567773819,0.5116539597511292,
0.95,dec_escalate_joint,0.1665196567773819,0.5116539597511292,
0.95,dec_escalate_joint,0.1665196567773819,0.5116539597511292,
0.95,dec_escalate_joint,0.1665196567773819,0.5116539597511292,
0.95,dec_escalate_joint,0.1665196567773819,0.5116539597511292,
0.95,dec_escalate_joint,0.1665196567773819,0.5116539597511292,
0.95,dec_escalate_joint,0.1665196567773819,0.5116539597511292,
0.95,dec_escalate_joint,0.1665196567773819,0.5116539597511292,
0.95,dec_escalate_joint,0.1665196567773819,0.5116539597511292,
0.95,dec_escalate_joint,0.1665196567773819,0.5116539597511292,
0.95,dec_mixed_joint,6.685873031616211,0.8585001230239868,
0.95,dec_mixed_joint,4.917812824249268,0.857632577419281,
0.95,dec_mixed_joint,4.557068347930908,0.8575965762138367,
0.95,dec_mixed_joint,4.450185298919678,0.8576309680938721,
0.95,dec_mixed_joint,3.945671796798706,0.8575469851493835,
0.95,dec_mixed_joint,3.8693783283233643,0.8570432066917419,
0.95,dec_mixed_joint,3.2032721042633057,0.8642137050628662,
0.95,dec_mixed_joint,2.9960639476776123,0.8662900924682617,
0.95,dec_mixed_joint,2.652980089187622,0.8633371591567993,
0.95,dec_mixed_joint,2.0028433799743652,0.8615748882293701,
0.95,dec_mixed_joint,1.7378121614456177,0.8603760600090027,
0.95,dec_mixed_joint,1.4855293035507202,0.8638400435447693,
0.95,dec_mixed_joint,1.1860110759735107,0.8608530759811401,
0.95,dec_mixed_joint,0.951512336730957,0.8565361499786377,
0.95,dec_mixed_joint,0.8935173749923706,0.8601287007331848,
0.95,dec_mixed_joint,0.8546966314315796,0.8547461032867432,
0.95,dec_mixed_joint,0.6380645632743835,0.852834939956665,
0.95,dec_mixed_joint,0.5641390681266785,0.8520504832267761,
0.95,dec_mixed_joint,0.5082507133483887,0.8418023586273193,
0.95,dec_mixed_joint,0.3854830861091614,0.8359119296073914,
0.95,dec_mixed_joint,0.3352433443069458,0.8298023343086243,
0.95,dec_mixed_joint,0.31807011365890503,0.8169682621955872,
0.95,dec_mixed_joint,0.2614472508430481,0.7860973477363586,
0.95,dec_mixed_joint,0.20705102384090424,0.7654924988746643,
0.95,dec_mixed_joint,0.18386270105838776,0.7520544528961182,
0.95,dec_mixed_joint,0.1748834252357483,0.751896321773529,
0.95,dec_mixed_joint,0.1748834252357483,0.751896321773529,
0.95,dec_mixed_joint,0.14640387892723083,0.6855670809745789,
0.95,dec_mixed_joint,0.10000868141651154,0.5361769199371338,
0.95,dec_mixed_joint,0.10000868141651154,0.5361769199371338,
0.95,dec_mixed_joint,0.10000868141651154,0.5361769199371338,
0.95,dec_mixed_joint,0.10000868141651154,0.5361769199371338,
0.95,dec_mixed_joint,0.09824338555335999,0.4940052628517151,
0.95,dec_mixed_joint,0.07260796427726746,0.014690381474792957,
0.95,dec_mixed_joint,0.07260796427726746,0.014690381474792957,
0.95,dec_mixed_joint,0.07260796427726746,0.014690381474792957,
0.95,dec_mixed_joint,0.07260796427726746,0.014690381474792957,
0.95,dec_mixed_joint,0.07260796427726746,0.014690381474792957,
0.95,dec_mixed_joint,0.07260796427726746,0.014690381474792957,
0.95,dec_mixed_joint,0.07260796427726746,0.014690381474792957,
0.95,dec_mixed_joint,0.07260796427726746,0.014690381474792957,
0.95,dec_pandora,6.137242249012048,0.9229084372520446,2.2621541501976288
0.95,dec_pandora,0.9931875103727541,0.9187417700886726,2.3769104084321473
0.95,dec_pandora,0.9931875103727541,0.9187417700886726,2.3769104084321473
0.95,dec_pandora,0.9931875103727541,0.9187417700886726,2.3769104084321473
0.95,dec_pandora,0.9931875103727541,0.9187417700886726,2.3769104084321473
0.95,dec_pandora,0.9931875103727541,0.9187417700886726,2.3769104084321473
0.95,dec_pandora,0.9931875103727541,0.9187417700886726,2.3769104084321473
0.95,dec_pandora,0.9931875103727541,0.9187417700886726,2.3769104084321473
0.95,dec_pandora,0.9931875103727541,0.9187417700886726,2.3769104084321473
0.95,dec_pandora,0.9931875103727541,0.9187417700886726,2.3769104084321473
0.95,dec_pandora,0.9931875103727541,0.9187417700886726,2.3769104084321473
0.95,dec_pandora,0.9931875103727541,0.9187417700886726,2.3769104084321473
0.95,dec_pandora,0.9931875103727541,0.9187417700886726,2.3769104084321473
0.95,dec_pandora,0.9931875103727541,0.9187417700886726,2.3769104084321473
0.95,dec_pandora,0.9931875103727541,0.9187417700886726,2.3769104084321473
0.95,dec_pandora,0.9931875103727541,0.9187417700886726,2.3769104084321473
0.95,dec_pandora,0.9931875103727541,0.9187417700886726,2.3769104084321473
0.95,dec_pandora,0.9425236595658358,0.9187417700886726,2.370487483530962
0.95,dec_pandora,0.9234981620209403,0.9187417700886726,2.367457180500659
0.95,dec_pandora,0.8361962505028496,0.9183629820744197,2.3439723320158095
0.95,dec_pandora,0.6944679797848512,0.9172595560550689,2.2836462450592885
0.95,dec_pandora,0.5777311717428153,0.9116600826382637,2.223155467720685
0.95,dec_pandora,0.32049016894721116,0.868000665307045,2.0687252964426874
0.95,dec_pandora,0.32049016894721116,0.868000665307045,2.0687252964426874
0.95,dec_pandora,0.32049016894721116,0.868000665307045,2.0687252964426874
0.95,dec_pandora,0.2632656398679624,0.819005269308885,1.9380599472990772
0.95,dec_pandora,0.2632656398679624,0.819005269308885,1.9380599472990772
0.95,dec_pandora,0.14730339185512664,0.6694169941047827,1.4771080368906457
0.95,dec_pandora,0.14730339185512664,0.6694169941047827,1.4771080368906457
0.95,dec_pandora,0.10008222892376126,0.5352108038961887,1.0
0.95,dec_pandora,0.10008222892376126,0.5352108038961887,1.0
0.95,dec_pandora,0.10008222892376126,0.5352108038961887,1.0
0.95,dec_pandora,0.10008222892376126,0.5352108038961887,1.0
0.95,dec_pandora,0.10008222892376126,0.5352108038961887,1.0
0.95,dec_pandora,0.10008222892376126,0.5352108038961887,1.0
0.95,dec_pandora,0.10008222892376126,0.5352108038961887,1.0
0.95,dec_pandora,0.10008222892376126,0.5352108038961887,1.0
0.95,dec_pandora,0.10008222892376126,0.5352108038961887,1.0
0.95,dec_pandora,0.10008222892376126,0.5352108038961887,1.0
0.95,dec_pandora,0.10008222892376126,0.5352108038961887,1.0
0.95,dec_pandora,0.10008222892376126,0.5352108038961887,1.0
0.95,dec_revcat,6.256242583541148,0.9013834039370219,2.2651185770750994
0.95,dec_revcat,1.1368038199792894,0.8898550719022751,2.430352437417655
0.95,dec_revcat,1.1368038199792894,0.8898550719022751,2.430352437417655
0.95,dec_revcat,1.1368038199792894,0.8898550719022751,2.430352437417655
0.95,dec_revcat,1.1350542130520536,0.8898550719022751,2.429973649538867
0.95,dec_revcat,1.1336769821694088,0.8898550719022751,2.4295948616600795
0.95,dec_revcat,1.1319954455527077,0.8898550719022751,2.4292160737812916
0.95,dec_revcat,1.1224375089637846,0.8898550719022751,2.426564558629776
0.95,dec_revcat,1.1008286955406856,0.8894762838880221,2.421261528326746
0.95,dec_revcat,1.060871209571327,0.8894762838880221,2.412944664031621
0.95,dec_revcat,1.0230374136377662,0.8894762838880221,2.403903162055336
0.95,dec_revcat,0.9746786681705736,0.8894762838880221,2.3919137022397896
0.95,dec_revcat,0.9121476915247777,0.8894762838880221,2.3726943346508564
0.95,dec_revcat,0.845520438242959,0.8887187083562215,2.356044137022398
0.95,dec_revcat,0.7544872253825237,0.8883399208386739,2.3341897233201583
0.95,dec_revcat,0.6795924027092701,0.8872035577893257,2.312351778656127
0.95,dec_revcat,0.6094642443042518,0.8849472999572754,2.2828886693017125
0.95,dec_revcat,0.5562279189906754,0.882723979651928,2.2542490118577074
0.95,dec_revcat,0.4658220899879701,0.8733036895593007,2.2045619235836624
0.95,dec_revcat,0.3597234711524625,0.8567687769730886,2.1102931488801056
0.95,dec_revcat,0.3185992307491031,0.8496212144692739,2.068066534914361
0.95,dec_revcat,0.30912356393041185,0.8481060634056727,2.037763504611331
0.95,dec_revcat,0.2966171546994398,0.8390151540438334,2.0033596837944665
0.95,dec_revcat,0.26798059826830894,0.811248350640138,1.9359189723320154
0.95,dec_revcat,0.24907437524726372,0.7946310897668203,1.8742588932806323
0.95,dec_revcat,0.20307050302915514,0.7395421586930752,1.6915184453227927
0.95,dec_revcat,0.14602471533273156,0.6661396545668443,1.4655797101449275
0.95,dec_revcat,0.14402548072139373,0.6619729881485303,1.4432312252964428
0.95,dec_revcat,0.10869053870314369,0.5612318828701973,1.0888175230566535
0.95,dec_revcat,0.10008222892376126,0.5352108038961887,1.0
0.95,dec_revcat,0.10008222892376126,0.5352108038961887,1.0
0.95,dec_revcat,0.10008222892376126,0.5352108038961887,1.0
0.95,dec_revcat,0.10008222892376126,0.5352108038961887,1.0
0.95,dec_revcat,0.10008222892376126,0.5352108038961887,1.0
0.95,dec_revcat,0.10008222892376126,0.5352108038961887,1.0
0.95,dec_revcat,0.10008222892376126,0.5352108038961887,1.0
0.95,dec_revcat,0.10008222892376126,0.5352108038961887,1.0
0.95,dec_revcat,0.10008222892376126,0.5352108038961887,1.0
0.95,dec_revcat,0.10008222892376126,0.5352108038961887,1.0
0.95,dec_revcat,0.10008222892376126,0.5352108038961887,1.0
0.95,dec_revcat,0.10008222892376126,0.5352108038961887,1.0
0.9,single_points,9.276904106140137,0.6886034607887268,
0.9,single_points,3.808478832244873,0.5986934900283813,
0.9,single_points,21.59095001220703,0.6914580464363098,
0.9,single_points,6.0883708000183105,0.6564229726791382,
0.9,single_points,13.404322624206543,0.6935550570487976,
0.9,single_points,0.8387231826782227,0.0027777778450399637,
0.9,single_points,5.265920639038086,0.27921608090400696,
0.9,single_points,4.892588138580322,0.3935880661010742,
0.9,single_points,18.29735565185547,0.5377799272537231,
0.9,single_points,2.3366405963897705,0.31549185514450073,
0.9,single_points,8.596776008605957,0.4395805299282074,
0.9,single_points,4.153711795806885,0.5145367383956909,
0.9,single_points,2.316466808319092,0.40743303298950195,
0.9,single_points,12.737649917602539,0.5796332955360413,
0.9,single_points,3.352701425552368,0.4817962646484375,
0.9,single_points,7.791232109069824,0.5663592219352722,
0.9,single_points,6.111572265625,0.727733850479126,
0.9,single_points,1.6865484714508057,0.5685990452766418,
0.9,single_points,12.029446601867676,0.7284585237503052,
0.9,single_points,3.3321430683135986,0.6849362850189209,
0.9,single_points,9.2087984085083,0.7337615489959717,
0.9,single_points,5.487627029418945,0.29704657196998596,
0.9,single_points,7.463020324707031,0.4699055552482605,
0.9,single_points,2.188255548477173,0.30159199237823486,
0.9,single_points,25.989742279052734,0.5211242437362671,
0.9,single_points,4.097256660461426,0.3938845098018646,
0.9,single_points,11.88031005859375,0.4938405454158783,
0.9,single_points,0.10000867396593094,0.5361769199371338,
0.9,single_points,4.281822204589844,0.08238910883665085,
0.9,single_points,0.24124747514724731,0.6251427531242371,
0.9,single_points,1.844233751296997,0.09824330359697342,
0.9,single_points,2.1572413444519043,0.11744620651006699,
0.9,single_points,3.4796910285949707,0.36880767345428467,
0.9,single_points,7.431429386138916,0.288614422082901,
0.9,single_points,4.4770331382751465,0.4643060564994812,
0.9,single_points,2.18442702293396,0.6531510949134827,
0.9,single_points,1.8237465620040894,0.5375823378562927,
0.9,single_points,2.0017824172973633,0.6568511128425598,
0.9,single_points,2.3560266494750977,0.7350351810455322,
0.9,single_points,1.9699456691741943,0.6974198818206787,
0.9,single_points,1.4774951934814453,0.052481334656476974,
0.9,single_points,7.537323474884033,0.17801931500434875,
0.9,single_points,2.8305375576019287,0.35637903213500977,
0.9,single_points,3.9133880138397217,0.4228041470050812,
0.9,single_points,0.4842551350593567,0.6335747838020325,
0.9,single_points,4.001148700714111,0.6822024583816528,
0.9,single_points,2.086649179458618,0.2477162927389145,
0.9,single_points,4.971733093261719,0.5287110209465027,
0.9,single_points,4.812073707580566,0.6424132585525513,
0.9,single_points,1.217673659324646,0.27008122205734253,
0.9,single_points,2.5338034629821777,0.5055775046348572,
0.9,single_points,6.90861701965332,0.6904699206352234,
0.9,single_points,0.7814671993255615,0.44251206517219543,
0.9,single_points,0.07260796427726746,0.014690382406115532,
0.9,single_points,3.132617473602295,0.6773825287818909,
0.9,single_points,0.21662096679210663,0.11368027329444885,
0.9,single_points,1.5486983060836792,0.5593434572219849,
0.9,single_points,3.4720561504364014,0.6982322931289673,
0.9,single_points,1.0710885524749756,0.45546773076057434,
0.9,single_points,8.386049270629883,0.7322134375572205,
0.9,single_points,1.8642641305923462,0.6063021421432495,
0.9,single_points,4.714482307434082,0.6944004893302917,
0.9,single_points,1.1341863870620728,0.5339152216911316,
0.9,single_points,0.42905953526496887,0.23626483976840973,
0.9,single_points,4.969249248504639,0.6919630765914917,
0.9,single_points,0.5840455293655396,0.34259989857673645,
0.9,single_points,2.1389853954315186,0.5955314040184021,
0.9,single_points,3.9015398025512695,0.7278107404708862,
0.9,single_points,1.6082100868225098,0.677931547164917,
0.9,single_points,7.45270299911499,0.725472092628479,
0.9,single_points,3.0884907245635986,0.7230895757675171,
0.9,single_points,4.430572032928467,0.7449933290481567,
0.9,single_points,2.416532278060913,0.5332125425338745,
0.9,single_points,4.399432182312012,0.6557641625404358,
0.9,single_points,1.0485512018203735,0.4047321379184723,
0.9,single_points,3.4320244789123535,0.6836845874786377,
0.9,single_points,5.508119583129883,0.6702898740768433,
0.9,single_points,6.639136791229248,0.13227932155132294,
0.9,single_points,3.1732895374298096,0.23271846771240234,
0.9,single_points,2.819286346435547,0.29676109552383423,
0.9,single_points,4.666293144226074,0.6838164925575256,
0.9,single_points,1.9705265760421753,0.20272286236286163,
0.9,single_points,0.706757128238678,0.0012626262614503503,
0.9,single_points,5.608649730682373,0.2044246792793274,
0.9,single_points,2.4037208557128906,0.5280961394309998,
0.9,single_points,3.6902341842651367,0.5457948446273804,
0.9,single_points,4.241115093231201,0.026844529435038567,
0.9,single_points,2.1259822845458984,0.17052043974399567,
0.9,single_points,3.722062826156616,0.5764053463935852,
0.9,u_single,5.17481608646425,0.7048418972332017,1.0
0.9,u_single,5.17481608646425,0.7048418972332017,1.0
0.9,u_single,5.17481608646425,0.7048418972332017,1.0
0.9,u_single,5.17481608646425,0.7048418972332017,1.0
0.9,u_single,5.17481608646425,0.7048418972332017,1.0
0.9,u_single,5.17481608646425,0.7048418972332017,1.0
0.9,u_single,5.17481608646425,0.7048418972332017,1.0
0.9,u_single,4.730434422869666,0.7159530083443129,1.0
0.9,u_single,4.535336917335128,0.7212560386473431,1.0
0.9,u_single,4.535336917335128,0.7212560386473431,1.0
0.9,u_single,4.166641273790931,0.7298418972332017,1.0
0.9,u_single,3.8775736793699007,0.7174681598594643,1.0
0.9,u_single,3.7140517607305106,0.716205533596838,1.0
0.9,u_single,3.216906563724323,0.7157004830917874,1.0
0.9,u_single,2.3367033273812754,0.6979468599033817,1.0
0.9,u_single,1.7096095347588043,0.6549956082564778,1.0
0.9,u_single,0.5648924725277447,0.5967061923583664,1.0
0.9,u_single,0.2753165266915443,0.6148880105401846,1.0
0.9,u_single,0.2617916689937804,0.6174132630654371,1.0
0.9,u_single,0.24124751693119617,0.625142731664471,1.0
0.9,u_single,0.24124751693119617,0.625142731664471,1.0
0.9,u_single,0.24124751693119617,0.625142731664471,1.0
0.9,u_single,0.24124751693119617,0.625142731664471,1.0
0.9,u_single,0.1387119491397271,0.536352657004831,1.0
0.9,u_single,0.10000867727991777,0.5361769872639438,1.0
0.9,u_single,0.10000867727991777,0.5361769872639438,1.0
0.9,u_single,0.10000867727991777,0.5361769872639438,1.0
0.9,u_single,0.10000867727991777,0.5361769872639438,1.0
0.9,u_single,0.10000867727991777,0.5361769872639438,1.0
0.9,u_single,0.10000867727991777,0.5361769872639438,1.0
0.9,u_single,0.10000867727991777,0.5361769872639438,1.0
0.9,u_single,0.10000867727991777,0.5361769872639438,1.0
0.9,u_single,0.09039501864160422,0.3225406236275801,1.0
0.9,u_single,0.07260796541362824,0.014690382081686429,1.0
0.9,u_single,0.07260796541362824,0.014690382081686429,1.0
0.9,u_single,0.07260796541362824,0.014690382081686429,1.0
0.9,u_single,0.07260796541362824,0.014690382081686429,1.0
0.9,u_single,0.07260796541362824,0.014690382081686429,1.0
0.9,u_single,0.07260796541362824,0.014690382081686429,1.0
0.9,u_single,0.07260796541362824,0.014690382081686429,1.0
0.9,u_single,0.07260796541362824,0.014690382081686429,1.0
0.9,u_dp3,13.102947912006993,0.8060312252964427,2.8693157663592443
0.9,u_dp3,9.88092852982381,0.8033123517786559,2.375234079929732
0.9,u_dp3,9.769631568749212,0.8027695871761088,2.3768616600790513
0.9,u_dp3,9.512412029817146,0.8023960693895476,2.3706798418972337
0.9,u_dp3,8.410880294596275,0.8009309508124723,2.3492525252525254
0.9,u_dp3,7.016097659086791,0.7993420180061485,2.341193675889328
0.9,u_dp3,6.412971408888095,0.7982601998243304,2.2876987263943787
0.9,u_dp3,5.76203004371643,0.7886655577514273,2.039624945103206
0.9,u_dp3,5.570396184552093,0.7885178304787,1.9870188844971453
0.9,u_dp3,5.207064070869206,0.7914317852437417,1.9955098814229248
0.9,u_dp3,4.154671606913349,0.7895352986385596,1.6443223539745278
0.9,u_dp3,3.4710673114206245,0.8031185770750989,1.6096240667545014
0.9,u_dp3,2.138916777595897,0.8154419191919193,1.6225516029863856
0.9,u_dp3,2.0144796983298825,0.8174974747474749,1.619036451471234
0.9,u_dp3,1.512859912261838,0.8258492424242425,1.6011374615722442
0.9,u_dp3,0.7939520327279791,0.8322808519982432,1.5980377689942908
0.9,u_dp3,0.7107837833612307,0.8333704984628897,1.5996135265700484
0.9,u_dp3,0.6008542553031722,0.8168631862099254,1.6178612209046992
0.9,u_dp3,0.39541184942948326,0.8031096947738253,1.666748353096179
0.9,u_dp3,0.322712913886064,0.7951665788317963,1.7102696530522619
0.9,u_dp3,0.2909676503476842,0.7862413263065438,1.7075019762845853
0.9,u_dp3,0.2416587121182457,0.7652139218269655,1.7354185331576637
0.9,u_dp3,0.21955927333570974,0.759814009661836,1.7470390865173473
0.9,u_dp3,0.2154102936604968,0.7611725955204219,1.745705753184014
0.9,u_dp3,0.2091586672003329,0.7540892621870885,1.745705753184014
0.9,u_dp3,0.18141279000911792,0.7295111989459817,1.745705753184014
0.9,u_dp3,0.16434264677902172,0.699634606938955,1.6473886693017128
0.9,u_dp3,0.10000867727991777,0.5361769872639438,1.0
0.9,u_dp3,0.10000867727991777,0.5361769872639438,1.0
0.9,u_dp3,0.10000867727991777,0.5361769872639438,1.0
0.9,u_dp3,0.10000867727991777,0.5361769872639438,1.0
0.9,u_dp3,0.10000867727991777,0.5361769872639438,1.0
0.9,u_dp3,0.09039501864160422,0.3225406236275801,1.0
0.9,u_dp3,0.07260796541362824,0.014690382081686429,1.0
0.9,u_dp3,0.07260796541362824,0.014690382081686429,1.0
0.9,u_dp3,0.07260796541362824,0.014690382081686429,1.0
0.9,u_dp3,0.07260796541362824,0.014690382081686429,1.0
0.9,u_dp3,0.07260796541362824,0.014690382081686429,1.0
0.9,u_dp3,0.07260796541362824,0.014690382081686429,1.0
0.9,u_dp3,0.07260796541362824,0.014690382081686429,1.0
0.9,u_dp3,0.07260796541362824,0.014690382081686429,1.0
0.9,u_dp3_noom,10.912965016378854,0.761982498902064,2.1623241106719373
0.9,u_dp3_noom,8.322209365362308,0.7619646464646463,1.640695652173913
0.9,u_dp3_noom,8.285514653842984,0.761995081247255,1.6322608695652174
0.9,u_dp3_noom,7.706483780665877,0.7634350241545892,1.5822336407553799
0.9,u_dp3_noom,7.535749507113087,0.7633279095300833,1.5849345630215195
0.9,u_dp3_noom,6.77278104765066,0.7662577075098813,1.56754062362758
0.9,u_dp3_noom,6.380004990488527,0.7693170289855072,1.561270092226614
0.9,u_dp3_noom,5.421443985905284,0.7755772837066316,1.5567044356609576
0.9,u_dp3_noom,4.77875236563999,0.7817325867369345,1.5527246376811596
0.9,u_dp3_noom,4.215091862612014,0.7949001866490997,1.537792709705753
0.9,u_dp3_noom,3.8755079885889923,0.8011577624066756,1.525388669301713
0.9,u_dp3_noom,2.954083556462222,0.7903755489679403,1.5868001756697407
0.9,u_dp3_noom,2.278085983862892,0.7946260320597278,1.6265559947299078
0.9,u_dp3_noom,1.2383949999775383,0.8188919631093545,1.6283258673693455
0.9,u_dp3_noom,0.9269487986940862,0.8168884497145368,1.624731664470795
0.9,u_dp3_noom,0.6501145804813879,0.7999751866490997,1.624671058410189
0.9,u_dp3_noom,0.511545584943876,0.7989569609134826,1.6124567413263067
0.9,u_dp3_noom,0.4126099055040183,0.8034657444005269,1.608098375054897
0.9,u_dp3_noom,0.3952737035568547,0.8037485726833553,1.608098375054897
0.9,u_dp3_noom,0.3691470955191986,0.7949241326306543,1.6422204655248132
0.9,u_dp3_noom,0.28425997047247037,0.7777112428634169,1.7153579270970574
0.9,u_dp3_noom,0.2336221665245975,0.7590210803689067,1.7481703996486604
0.9,u_dp3_noom,0.21144723625458187,0.7475844312692141,1.7470390865173473
0.9,u_dp3_noom,0.176358204451498,0.7275425999121653,1.745705753184014
0.9,u_dp3_noom,0.174263368154815,0.7287042160737814,1.745705753184014
0.9,u_dp3_noom,0.174263368154815,0.7287042160737814,1.745705753184014
0.9,u_dp3_noom,0.174263368154815,0.7287042160737814,1.745705753184014
0.9,u_dp3_noom,0.174263368154815,0.7287042160737814,1.745705753184014
0.9,u_dp3_noom,0.10000867727991777,0.5361769872639438,1.0
0.9,u_dp3_noom,0.10000867727991777,0.5361769872639438,1.0
0.9,u_dp3_noom,0.10000867727991777,0.5361769872639438,1.0
0.9,u_dp3_noom,0.10000867727991777,0.5361769872639438,1.0
0.9,u_dp3_noom,0.09715752400475038,0.46370223978919634,1.0
0.9,u_dp3_noom,0.07260796541362824,0.014690382081686429,1.0
0.9,u_dp3_noom,0.07260796541362824,0.014690382081686429,1.0
0.9,u_dp3_noom,0.07260796541362824,0.014690382081686429,1.0
0.9,u_dp3_noom,0.07260796541362824,0.014690382081686429,1.0
0.9,u_dp3_noom,0.07260796541362824,0.014690382081686429,1.0
0.9,u_dp3_noom,0.07260796541362824,0.014690382081686429,1.0
0.9,u_dp3_noom,0.07260796541362824,0.014690382081686429,1.0
0.9,u_dp3_noom,0.07260796541362824,0.014690382081686429,1.0
0.9,u_single_emp,5.167924121663558,0.6801493192797541,1.0
0.9,u_single_emp,5.167924121663558,0.6801493192797541,1.0
0.9,u_single_emp,5.167924121663558,0.6801493192797541,1.0
0.9,u_single_emp,5.167924121663558,0.6801493192797541,1.0
0.9,u_single_emp,5.167924121663558,0.6801493192797541,1.0
0.9,u_single_emp,4.720928574494484,0.6823232323232323,1.0
0.9,u_single_emp,4.525831068959946,0.6876262626262626,1.0
0.9,u_single_emp,4.525831068959946,0.6876262626262626,1.0
0.9,u_single_emp,3.9954618137122035,0.6934343434343435,1.0
0.9,u_single_emp,3.6267661701680063,0.7020202020202021,1.0
0.9,u_single_emp,3.2860449635097733,0.6979468599033817,1.0
0.9,u_single_emp,2.675221686208515,0.7181488801054018,1.0
0.9,u_single_emp,2.4036110289849675,0.7272068511198946,1.0
0.9,u_single_emp,2.3560262975145125,0.7350351339481773,1.0
0.9,u_single_emp,2.3560262975145125,0.7350351339481773,1.0
0.9,u_single_emp,2.207414212198597,0.723671497584541,1.0
0.9,u_single_emp,0.6982582975043166,0.6054347826086957,1.0
0.9,u_single_emp,0.2617916689937804,0.6174132630654371,1.0
0.9,u_single_emp,0.2617916689937804,0.6174132630654371,1.0
0.9,u_single_emp,0.24124751693119617,0.625142731664471,1.0
0.9,u_single_emp,0.24124751693119617,0.625142731664471,1.0
0.9,u_single_emp,0.24124751693119617,0.625142731664471,1.0
0.9,u_single_emp,0.24124751693119617,0.625142731664471,1.0
0.9,u_single_emp,0.11878687653180946,0.5306214317083883,1.0
0.9,u_single_emp,0.10000867727991777,0.5361769872639438,1.0
0.9,u_single_emp,0.10000867727991777,0.5361769872639438,1.0
0.9,u_single_emp,0.10000867727991777,0.5361769872639438,1.0
0.9,u_single_emp,0.10000867727991777,0.5361769872639438,1.0
0.9,u_single_emp,0.10000867727991777,0.5361769872639438,1.0
0.9,u_single_emp,0.10000867727991777,0.5361769872639438,1.0
0.9,u_single_emp,0.10000867727991777,0.5361769872639438,1.0
0.9,u_single_emp,0.10000867727991777,0.5361769872639438,1.0
0.9,u_single_emp,0.10000867727991777,0.5361769872639438,1.0
0.9,u_single_emp,0.07260796541362824,0.014690382081686429,1.0
0.9,u_single_emp,0.07260796541362824,0.014690382081686429,1.0
0.9,u_single_emp,0.07260796541362824,0.014690382081686429,1.0
0.9,u_single_emp,0.07260796541362824,0.014690382081686429,1.0
0.9,u_single_emp,0.07260796541362824,0.014690382081686429,1.0
0.9,u_single_emp,0.07260796541362824,0.014690382081686429,1.0
0.9,u_single_emp,0.07260796541362824,0.014690382081686429,1.0
0.9,u_single_emp,0.07260796541362824,0.014690382081686429,1.0
0.9,u_dp3_emp,11.512615051430746,0.8541293917435221,2.8816802810715854
0.9,u_dp3_emp,9.185555309078628,0.8525756368028108,2.675530083443127
0.9,u_dp3_emp,9.185555309078628,0.8525756368028108,2.675530083443127
0.9,u_dp3_emp,8.464228020940562,0.8519817632850242,2.5769292929292926
0.9,u_dp3_emp,7.3846637748152,0.8511432037768994,2.5452955643390425
0.9,u_dp3_emp,6.217812781580416,0.8490162384716732,2.5887299077733856
0.9,u_dp3_emp,5.468811691386281,0.8488075318401406,2.503800614844093
0.9,u_dp3_emp,4.42242648004782,0.8481512077294688,2.462951251646904
0.9,u_dp3_emp,3.0942396019571574,0.8437273056653493,2.2138287220026354
0.9,u_dp3_emp,2.8203310723451653,0.8479655138339922,2.3154079929732108
0.9,u_dp3_emp,2.412849549469611,0.848397189284146,2.362195871761089
0.9,u_dp3_emp,1.9476616692395214,0.8496683025911288,2.3705199824330254
0.9,u_dp3_emp,1.3071195018953248,0.8465235068072027,2.229689064558629
0.9,u_dp3_emp,1.106975274456538,0.8449106060606062,1.8748607817303469
0.9,u_dp3_emp,0.9301267706886895,0.8432656455862979,1.6012349582784364
0.9,u_dp3_emp,0.8631234762118077,0.845292160737813,1.603618796662275
0.9,u_dp3_emp,0.7844268194311329,0.8371292819499342,1.603618796662275
0.9,u_dp3_emp,0.5848994199793703,0.8310983311374615,1.603618796662275
0.9,u_dp3_emp,0.4887067763765248,0.8137809508124725,1.6639068950373301
0.9,u_dp3_emp,0.322712913886064,0.7957052151954327,1.7102696530522619
0.9,u_dp3_emp,0.31472892941434183,0.7967759222661397,1.7080474308300397
0.9,u_dp3_emp,0.3029304091653659,0.7977665788317962,1.7075019762845853
0.9,u_dp3_emp,0.24717831826705175,0.7677988581466845,1.7340087834870443
0.9,u_dp3_emp,0.2154102936604968,0.7611725955204219,1.745705753184014
0.9,u_dp3_emp,0.21275082997398817,0.755112209046992,1.745705753184014
0.9,u_dp3_emp,0.19122931661133333,0.7365557751427319,1.745705753184014
0.9,u_dp3_emp,0.14683813470020254,0.6691908212560388,1.4710584101888453
0.9,u_dp3_emp,0.10000867727991777,0.5361769872639438,1.0
0.9,u_dp3_emp,0.10000867727991777,0.5361769872639438,1.0
0.9,u_dp3_emp,0.10000867727991777,0.5361769872639438,1.0
0.9,u_dp3_emp,0.10000867727991777,0.5361769872639438,1.0
0.9,u_dp3_emp,0.10000867727991777,0.5361769872639438,1.0
0.9,u_dp3_emp,0.10000867727991777,0.5361769872639438,1.0
0.9,u_dp3_emp,0.07260796541362824,0.014690382081686429,1.0
0.9,u_dp3_emp,0.07260796541362824,0.014690382081686429,1.0
0.9,u_dp3_emp,0.07260796541362824,0.014690382081686429,1.0
0.9,u_dp3_emp,0.07260796541362824,0.014690382081686429,1.0
0.9,u_dp3_emp,0.07260796541362824,0.014690382081686429,1.0
0.9,u_dp3_emp,0.07260796541362824,0.014690382081686429,1.0
0.9,u_dp3_emp,0.07260796541362824,0.014690382081686429,1.0
0.9,u_dp3_emp,0.07260796541362824,0.014690382081686429,1.0
0.9,u_dp3_raw,11.398166924202938,0.8542341238471672,2.8790540184453226
0.9,u_dp3_raw,9.193713136834308,0.8534864953886693,2.685792709705753
0.9,u_dp3_raw,9.089126288065893,0.853763768115942,2.6690856389986823
0.9,u_dp3_raw,7.786875953345025,0.8516592226613966,2.564582345191041
0.9,u_dp3_raw,6.769540849754649,0.8538822793148881,2.584729907773386
0.9,u_dp3_raw,5.855052764762613,0.8501563460693895,2.5856187966622746
0.9,u_dp3_raw,5.252013299617057,0.8488226504172157,2.5060500658761526
0.9,u_dp3_raw,3.6200601588453627,0.8454023935002197,2.3876504172156343
0.9,u_dp3_raw,2.909754860823067,0.8474655138339922,2.329185770750988
0.9,u_dp3_raw,2.7023012061505036,0.8491343104962671,2.3154079929732108
0.9,u_dp3_raw,2.2299175826462263,0.8490916337285904,2.36340799297321
0.9,u_dp3_raw,1.8006947731385021,0.8521277228809839,2.3716794027228807
0.9,u_dp3_raw,1.3767110103227522,0.8474932696530524,2.325012736056214
0.9,u_dp3_raw,1.2108625214834643,0.8459696969696971,2.133325428194993
0.9,u_dp3_raw,0.9539855878472256,0.8451043807641633,1.7100808080808079
0.9,u_dp3_raw,0.8611844044465632,0.854082564778217,1.6044268774703558
0.9,u_dp3_raw,0.8505255678138219,0.8495598375054898,1.6044268774703558
0.9,u_dp3_raw,0.6359053526127684,0.8260435331576637,1.6084066754501538
0.9,u_dp3_raw,0.4715684572906177,0.8109354962670179,1.6752200263504613
0.9,u_dp3_raw,0.31472892941434183,0.7962344202898551,1.7080474308300397
0.9,u_dp3_raw,0.30373800851631716,0.7978909859464207,1.7015827843653932
0.9,u_dp3_raw,0.3000447914224571,0.7955381203337726,1.7075019762845853
0.9,u_dp3_raw,0.2767832105720238,0.783961462450593,1.7210812472551604
0.9,u_dp3_raw,0.2154102936604968,0.7611725955204219,1.745705753184014
0.9,u_dp3_raw,0.2154102936604968,0.7611725955204219,1.745705753184014
0.9,u_dp3_raw,0.20122638978459742,0.7432889767237595,1.745705753184014
0.9,u_dp3_raw,0.14683813470020254,0.6691908212560388,1.4710584101888453
0.9,u_dp3_raw,0.10000867727991777,0.5361769872639438,1.0
0.9,u_dp3_raw,0.10000867727991777,0.5361769872639438,1.0
0.9,u_dp3_raw,0.10000867727991777,0.5361769872639438,1.0
0.9,u_dp3_raw,0.10000867727991777,0.5361769872639438,1.0
0.9,u_dp3_raw,0.10000867727991777,0.5361769872639438,1.0
0.9,u_dp3_raw,0.09652439703429458,0.4571365832235398,1.0
0.9,u_dp3_raw,0.07260796541362824,0.014690382081686429,1.0
0.9,u_dp3_raw,0.07260796541362824,0.014690382081686429,1.0
0.9,u_dp3_raw,0.07260796541362824,0.014690382081686429,1.0
0.9,u_dp3_raw,0.07260796541362824,0.014690382081686429,1.0
0.9,u_dp3_raw,0.07260796541362824,0.014690382081686429,1.0
0.9,u_dp3_raw,0.07260796541362824,0.014690382081686429,1.0
0.9,u_dp3_raw,0.07260796541362824,0.014690382081686429,1.0
0.9,u_dp3_raw,0.07260796541362824,0.014690382081686429,1.0
0.9,u_dp3_emp_indep,8.182956666249536,0.7621458058849362,1.5775880544576195
0.9,u_dp3_emp_indep,7.498113546221643,0.7665065876152831,1.5671971892841454
0.9,u_dp3_emp_indep,7.328316821492151,0.7676297760210803,1.5672551602986384
0.9,u_dp3_emp_indep,6.643491117388684,0.7698823012736056,1.5596794027228809
0.9,u_dp3_emp_indep,6.19939268139012,0.7790338164251208,1.5462652613087395
0.9,u_dp3_emp_indep,5.561940849673351,0.7861532718489241,1.546177426438296
0.9,u_dp3_emp_indep,4.552524767820065,0.8060295344751865,1.5096521739130433
0.9,u_dp3_emp_indep,4.332519540401728,0.8112493412384716,1.5056899429073343
0.9,u_dp3_emp_indep,3.7881750582723925,0.8313594642072902,1.4812332015810277
0.9,u_dp3_emp_indep,3.658403503530261,0.8299602547211243,1.4823214756258234
0.9,u_dp3_emp_indep,3.599052381478116,0.8272396794027229,1.4840992534036013
0.9,u_dp3_emp_indep,2.6600042080563258,0.8256477821695214,1.553957839262187
0.9,u_dp3_emp_indep,1.7338520565446438,0.8366435002195872,1.598913482652613
0.9,u_dp3_emp_indep,1.0207286922949437,0.8441784145805885,1.624066754501537
0.9,u_dp3_emp_indep,0.8710376813209872,0.8473764822134388,1.6233983311374618
0.9,u_dp3_emp_indep,0.7956711411098092,0.8439266578831796,1.610880983750549
0.9,u_dp3_emp_indep,0.4606186999339139,0.7979256697408871,1.610880983750549
0.9,u_dp3_emp_indep,0.38990735826683526,0.8023192797540624,1.608098375054897
0.9,u_dp3_emp_indep,0.38990735826683526,0.8023192797540624,1.608098375054897
0.9,u_dp3_emp_indep,0.3566937140472794,0.7907751427316644,1.6632709705753184
0.9,u_dp3_emp_indep,0.2763800033495578,0.7743703337725077,1.719600351339482
0.9,u_dp3_emp_indep,0.21955927333570974,0.759814009661836,1.7470390865173473
0.9,u_dp3_emp_indep,0.2154102936604968,0.7611725955204219,1.745705753184014
0.9,u_dp3_emp_indep,0.17961300732123428,0.7279491655687309,1.745705753184014
0.9,u_dp3_emp_indep,0.174263368154815,0.7287042160737814,1.745705753184014
0.9,u_dp3_emp_indep,0.174263368154815,0.7287042160737814,1.745705753184014
0.9,u_dp3_emp_indep,0.174263368154815,0.7287042160737814,1.745705753184014
0.9,u_dp3_emp_indep,0.174263368154815,0.7287042160737814,1.745705753184014
0.9,u_dp3_emp_indep,0.16156707038626125,0.6944970355731227,1.624189723320158
0.9,u_dp3_emp_indep,0.10000867727991777,0.5361769872639438,1.0
0.9,u_dp3_emp_indep,0.10000867727991777,0.5361769872639438,1.0
0.9,u_dp3_emp_indep,0.10000867727991777,0.5361769872639438,1.0
0.9,u_dp3_emp_indep,0.10000867727991777,0.5361769872639438,1.0
0.9,u_dp3_emp_indep,0.07260796541362824,0.014690382081686429,1.0
0.9,u_dp3_emp_indep,0.07260796541362824,0.014690382081686429,1.0
0.9,u_dp3_emp_indep,0.07260796541362824,0.014690382081686429,1.0
0.9,u_dp3_emp_indep,0.07260796541362824,0.014690382081686429,1.0
0.9,u_dp3_emp_indep,0.07260796541362824,0.014690382081686429,1.0
0.9,u_dp3_emp_indep,0.07260796541362824,0.014690382081686429,1.0
0.9,u_dp3_emp_indep,0.07260796541362824,0.014690382081686429,1.0
0.9,u_dp3_emp_indep,0.07260796541362824,0.014690382081686429,1.0
0.9,u_pidx,14.619085573447595,0.8701034602327624,3.331838382960035
0.9,u_pidx,14.278469854657112,0.8696824197189285,3.3452985674132636
0.9,u_pidx,13.23001738493398,0.8698851110232761,3.3290394018445326
0.9,u_pidx,13.12017039252402,0.8697779482103644,3.3292279675010983
0.9,u_pidx,12.812065505926178,0.8707404539855071,3.3294227992973218
0.9,u_pidx,11.966665191967074,0.8727940640865174,3.3113432595520433
0.9,u_pidx,11.504767256207577,0.8736219140755381,3.312979453667106
0.9,u_pidx,10.777606036438259,0.875181660913483,3.2945308194993417
0.9,u_pidx,9.854203204722326,0.8781522571805006,3.319059689942907
0.9,u_pidx,8.382790984459294,0.8786755129556434,3.335728902942468
0.9,u_pidx,6.886865054518735,0.8794025733970138,3.4396887105841025
0.9,u_pidx,4.5106686359021095,0.8849010244510322,3.441482534036013
0.9,u_pidx,3.1889464878468816,0.8911727414031622,3.4697770417215636
0.9,u_pidx,2.0422701191371493,0.8917645537439614,3.45897286078173
0.9,u_pidx,1.389390984705716,0.8872948175230566,3.457895930610452
0.9,u_pidx,1.0274909232165883,0.8827566837505489,3.3667975186649097
0.9,u_pidx,0.8423252123896412,0.878555435584102,3.207642243302591
0.9,u_pidx,0.6216432491975176,0.875389464536671,2.496677162933685
0.9,u_pidx,0.5415462666615191,0.8709385428963549,2.429147161176987
0.9,u_pidx,0.49547478135280204,0.8601554092885376,2.7373040026350464
0.9,u_pidx,0.408162413011012,0.8431671890426001,2.564145882301274
0.9,u_pidx,0.30938161391198793,0.83470372637242,2.010257641633729
0.9,u_pidx,0.28625444615602064,0.8237684650856391,1.9751883003952568
0.9,u_pidx,0.2549259360917969,0.7977414470794907,1.9043724198506808
0.9,u_pidx,0.24754063120740527,0.7864461682037771,1.8757012736056216
0.9,u_pidx,0.20514765567394921,0.7440488581466844,1.7047966622749229
0.9,u_pidx,0.14683813470020254,0.6691908212560388,1.4710584101888453
0.9,u_pidx,0.10346256860407935,0.5437779973649539,1.0345454545454547
0.9,u_pidx,0.10000867727991777,0.5361769872639438,1.0
0.9,u_pidx,0.10000867727991777,0.5361769872639438,1.0
0.9,u_pidx,0.10000867727991777,0.5361769872639438,1.0
0.9,u_pidx,0.10000867727991777,0.5361769872639438,1.0
0.9,u_pidx,0.09039501864160422,0.3225406236275801,1.0
0.9,u_pidx,0.07260796541362824,0.014690382081686429,1.0
0.9,u_pidx,0.07260796541362824,0.014690382081686429,1.0
0.9,u_pidx,0.07260796541362824,0.014690382081686429,1.0
0.9,u_pidx,0.07260796541362824,0.014690382081686429,1.0
0.9,u_pidx,0.07260796541362824,0.014690382081686429,1.0
0.9,u_pidx,0.07260796541362824,0.014690382081686429,1.0
0.9,u_pidx,0.07260796541362824,0.014690382081686429,1.0
0.9,u_pidx,0.07260796541362824,0.014690382081686429,1.0
0.9,u_pidx_emp,14.444255371017935,0.911260760342556,3.7349599077733853
0.9,u_pidx_emp,12.963067414564755,0.9114579245278875,3.5269754440052696
0.9,u_pidx_emp,12.132741298219521,0.9114373884057971,3.50570115942029
0.9,u_pidx_emp,11.326614476518298,0.912636704128239,3.435917368467282
0.9,u_pidx_emp,10.63068967642006,0.9120561854303909,3.403902784365393
0.9,u_pidx_emp,9.11438951460625,0.9123495470355731,3.3648269978041285
0.9,u_pidx_emp,8.547133738847297,0.9142234773386034,3.3215366209925343
0.9,u_pidx_emp,7.354744898750723,0.9146927778216951,3.2727355107597713
0.9,u_pidx_emp,6.615846267108602,0.9157402435002194,3.2664314615722447
0.9,u_pidx_emp,6.1134670486940195,0.9161707927646024,3.27521342380325
0.9,u_pidx_emp,4.603672788510441,0.9112594872968819,3.3692852946859904
0.9,u_pidx_emp,3.209736943740866,0.9071187132520863,3.459141719806763
0.9,u_pidx_emp,2.444140143497954,0.9044208328612208,3.41905214229249
0.9,u_pidx_emp,1.9872653912092169,0.9017526192248575,3.4465453210364516
0.9,u_pidx_emp,1.4682657349865047,0.8935837070267897,3.4448969538866927
0.9,u_pidx_emp,1.0842711339200584,0.8878715302700925,3.302043820816864
0.9,u_pidx_emp,0.998802250920601,0.8856262014712343,3.2281398620992534
0.9,u_pidx_emp,0.741353798639007,0.8787855549846291,2.775049794466403
0.9,u_pidx_emp,0.6030490799760652,0.874190707828283,2.6074381826965305
0.9,u_pidx_emp,0.5665569062990805,0.8703591768555117,2.757750422485727
0.9,u_pidx_emp,0.4739915233333613,0.8514367711572245,2.779504081686429
0.9,u_pidx_emp,0.3248306464326329,0.8366640999890208,1.9999324347826088
0.9,u_pidx_emp,0.29029064372347957,0.8240696393280633,1.9821510882740447
0.9,u_pidx_emp,0.2806707142209986,0.8165116469038209,1.9609351690821257
0.9,u_pidx_emp,0.22121299792265267,0.7642286561264824,1.769115854194115
0.9,u_pidx_emp,0.2006987191184866,0.7347251866490999,1.6875889328063238
0.9,u_pidx_emp,0.14683813470020254,0.6691908212560388,1.4710584101888453
0.9,u_pidx_emp,0.10000867727991777,0.5361769872639438,1.0
0.9,u_pidx_emp,0.10000867727991777,0.5361769872639438,1.0
0.9,u_pidx_emp,0.10000867727991777,0.5361769872639438,1.0
0.9,u_pidx_emp,0.10000867727991777,0.5361769872639438,1.0
0.9,u_pidx_emp,0.10000867727991777,0.5361769872639438,1.0
0.9,u_pidx_emp,0.10000867727991777,0.5361769872639438,1.0
0.9,u_pidx_emp,0.07260796541362824,0.014690382081686429,1.0
0.9,u_pidx_emp,0.07260796541362824,0.014690382081686429,1.0
0.9,u_pidx_emp,0.07260796541362824,0.014690382081686429,1.0
0.9,u_pidx_emp,0.07260796541362824,0.014690382081686429,1.0
0.9,u_pidx_emp,0.07260796541362824,0.014690382081686429,1.0
0.9,u_pidx_emp,0.07260796541362824,0.014690382081686429,1.0
0.9,u_pidx_emp,0.07260796541362824,0.014690382081686429,1.0
0.9,u_pidx_emp,0.07260796541362824,0.014690382081686429,1.0
0.9,u_pidx_emp_indep,9.247449787261912,0.8355509357378127,1.9150216732542817
0.9,u_pidx_emp_indep,8.298657012493676,0.8344189496925779,1.9091455406236275
0.9,u_pidx_emp_indep,7.564320785356442,0.8395779239350023,1.8975872779973648
0.9,u_pidx_emp_indep,6.611760457816067,0.8447265083992096,1.8609483847167327
0.9,u_pidx_emp_indep,6.234886394655377,0.8493729498133509,1.8535539806763284
0.9,u_pidx_emp_indep,5.169391260532906,0.8571712033816427,1.7856725393061046
0.9,u_pidx_emp_indep,4.791475785764215,0.860937256884058,1.7763139604743088
0.9,u_pidx_emp_indep,4.401478457166049,0.8651817249341238,1.7678341089152392
0.9,u_pidx_emp_indep,4.154907575071757,0.8661076399209485,1.770219607378129
0.9,u_pidx_emp_indep,3.878644490863526,0.870796831609574,1.764724574440053
0.9,u_pidx_emp_indep,2.6292896962411905,0.8660820625933247,1.8688407545015375
0.9,u_pidx_emp_indep,1.2793662530571093,0.8734982587176109,1.9049734334650859
0.9,u_pidx_emp_indep,0.8001463784257659,0.884763503974528,1.8331635722441815
0.9,u_pidx_emp_indep,0.5726280959996647,0.8747404137461571,1.8634070873956963
0.9,u_pidx_emp_indep,0.5287566403215049,0.8762028537110231,1.8489784268774705
0.9,u_pidx_emp_indep,0.5219428514520909,0.8738193071695212,1.870165507246377
0.9,u_pidx_emp_indep,0.4991003101041234,0.8692435235726833,1.9108391392182702
0.9,u_pidx_emp_indep,0.4991003101041234,0.8692435235726833,1.9108391392182702
0.9,u_pidx_emp_indep,0.45139197400488384,0.8565776638888889,2.0234245586297765
0.9,u_pidx_emp_indep,0.3932859994535058,0.8506122686319719,2.0764502942468166
0.9,u_pidx_emp_indep,0.38238519953413924,0.8516118140865174,2.0675654457619674
0.9,u_pidx_emp_indep,0.30354838126688805,0.835082965601669,2.0153901949934125
0.9,u_pidx_emp_indep,0.30354838126688805,0.835082965601669,2.0153901949934125
0.9,u_pidx_emp_indep,0.30354838126688805,0.835082965601669,2.0153901949934125
0.9,u_pidx_emp_indep,0.2660003673322869,0.8042844176548092,1.9272783952569172
0.9,u_pidx_emp_indep,0.2549259360917969,0.7977414470794907,1.9043724198506808
0.9,u_pidx_emp_indep,0.20746612922941346,0.7461418533157665,1.7163364075537986
0.9,u_pidx_emp_indep,0.14683813470020254,0.6691908212560388,1.4710584101888453
0.9,u_pidx_emp_indep,0.13864823526126935,0.6456938954765044,1.3919016249451033
0.9,u_pidx_emp_indep,0.10000867727991777,0.5361769872639438,1.0
0.9,u_pidx_emp_indep,0.10000867727991777,0.5361769872639438,1.0
0.9,u_pidx_emp_indep,0.10000867727991777,0.5361769872639438,1.0
0.9,u_pidx_emp_indep,0.10000867727991777,0.5361769872639438,1.0
0.9,u_pidx_emp_indep,0.07260796541362824,0.014690382081686429,1.0
0.9,u_pidx_emp_indep,0.07260796541362824,0.014690382081686429,1.0
0.9,u_pidx_emp_indep,0.07260796541362824,0.014690382081686429,1.0
0.9,u_pidx_emp_indep,0.07260796541362824,0.014690382081686429,1.0
0.9,u_pidx_emp_indep,0.07260796541362824,0.014690382081686429,1.0
0.9,u_pidx_emp_indep,0.07260796541362824,0.014690382081686429,1.0
0.9,u_pidx_emp_indep,0.07260796541362824,0.014690382081686429,1.0
0.9,u_pidx_emp_indep,0.07260796541362824,0.014690382081686429,1.0
0.9,dec_single_joint,6.397681713104248,0.6699934601783752,
0.9,dec_single_joint,6.115071773529053,0.6687857508659363,
0.9,dec_single_joint,6.115071773529053,0.6687857508659363,
0.9,dec_single_joint,5.752474308013916,0.6745938062667847,
0.9,dec_single_joint,5.465745449066162,0.6763614416122437,
0.9,dec_single_joint,5.465745449066162,0.6763614416122437,
0.9,dec_single_joint,4.890247821807861,0.6877250671386719,
0.9,dec_single_joint,4.608848571777344,0.6937856674194336,
0.9,dec_single_joint,3.8735077381134033,0.6991984844207764,
0.9,dec_single_joint,3.7187864780426025,0.6999560594558716,
0.9,dec_single_joint,3.4446916580200195,0.702228844165802,
0.9,dec_single_joint,2.685858726501465,0.72050940990448,
0.9,dec_single_joint,2.5089752674102783,0.7261857390403748,
0.9,dec_single_joint,2.3714327812194824,0.7274484038352966,
0.9,dec_single_joint,2.3053362369537354,0.731488823890686,
0.9,dec_single_joint,1.9919835329055786,0.6994181275367737,
0.9,dec_single_joint,0.5449262857437134,0.612362802028656,
0.9,dec_single_joint,0.4239618182182312,0.6045344471931458,
0.9,dec_single_joint,0.2617916762828827,0.6174132823944092,
0.9,dec_single_joint,0.2617916762828827,0.6174132823944092,
0.9,dec_single_joint,0.2617916762828827,0.6174132823944092,
0.9,dec_single_joint,0.2412475198507309,0.6251427531242371,
0.9,dec_single_joint,0.21328872442245483,0.5953007936477661,
0.9,dec_single_joint,0.12935487926006317,0.5435001850128174,
0.9,dec_single_joint,0.10962224751710892,0.5321365594863892,
0.9,dec_single_joint,0.10000868141651154,0.5361769199371338,
0.9,dec_single_joint,0.10000868141651154,0.5361769199371338,
0.9,dec_single_joint,0.10000868141651154,0.5361769199371338,
0.9,dec_single_joint,0.10000868141651154,0.5361769199371338,
0.9,dec_single_joint,0.10000868141651154,0.5361769199371338,
0.9,dec_single_joint,0.10000868141651154,0.5361769199371338,
0.9,dec_single_joint,0.10000868141651154,0.5361769199371338,
0.9,dec_single_joint,0.09824338555335999,0.4940052628517151,
0.9,dec_single_joint,0.07260796427726746,0.014690381474792957,
0.9,dec_single_joint,0.07260796427726746,0.014690381474792957,
0.9,dec_single_joint,0.07260796427726746,0.014690381474792957,
0.9,dec_single_joint,0.07260796427726746,0.014690381474792957,
0.9,dec_single_joint,0.07260796427726746,0.014690381474792957,
0.9,dec_single_joint,0.07260796427726746,0.014690381474792957,
0.9,dec_single_joint,0.07260796427726746,0.014690381474792957,
0.9,dec_single_joint,0.07260796427726746,0.014690381474792957,
0.9,dec_escalate_joint,3.3214142322540283,0.8347780704498291,
0.9,dec_escalate_joint,3.3214142322540283,0.8347780704498291,
0.9,dec_escalate_joint,3.3214142322540283,0.8347780704498291,
0.9,dec_escalate_joint,3.3214142322540283,0.8347780704498291,
0.9,dec_escalate_joint,3.292734384536743,0.8365204930305481,
0.9,dec_escalate_joint,3.137322187423706,0.837851345539093,
0.9,dec_escalate_joint,3.029036283493042,0.8384271264076233,
0.9,dec_escalate_joint,2.743286609649658,0.8382503390312195,
0.9,dec_escalate_joint,2.557417154312134,0.8338867425918579,
0.9,dec_escalate_joint,2.4812533855438232,0.8365735411643982,
0.9,dec_escalate_joint,2.0931859016418457,0.8330180048942566,
0.9,dec_escalate_joint,1.642813801765442,0.842673122882843,
0.9,dec_escalate_joint,1.4552879333496094,0.8459504842758179,
0.9,dec_escalate_joint,1.0306833982467651,0.850788950920105,
0.9,dec_escalate_joint,0.909104585647583,0.8438697457313538,
0.9,dec_escalate_joint,0.8592327237129211,0.8413747549057007,
0.9,dec_escalate_joint,0.8231879472732544,0.8461349010467529,
0.9,dec_escalate_joint,0.7320992946624756,0.8319681882858276,
0.9,dec_escalate_joint,0.4690151512622833,0.813585102558136,
0.9,dec_escalate_joint,0.4231427311897278,0.8117592930793762,
0.9,dec_escalate_joint,0.3505106270313263,0.7943958640098572,
0.9,dec_escalate_joint,0.28834718465805054,0.7849388122558594,
0.9,dec_escalate_joint,0.28834718465805054,0.7849388122558594,
0.9,dec_escalate_joint,0.28834718465805054,0.7849388122558594,
0.9,dec_escalate_joint,0.2153102308511734,0.7243444919586182,
0.9,dec_escalate_joint,0.2153102308511734,0.7243444919586182,
0.9,dec_escalate_joint,0.2153102308511734,0.7243444919586182,
0.9,dec_escalate_joint,0.2153102308511734,0.7243444919586182,
0.9,dec_escalate_joint,0.20315910875797272,0.6577250361442566,
0.9,dec_escalate_joint,0.16164107620716095,0.4854072630405426,
0.9,dec_escalate_joint,0.16164107620716095,0.4854072630405426,
0.9,dec_escalate_joint,0.16164107620716095,0.4854072630405426,
0.9,dec_escalate_joint,0.16164107620716095,0.4854072630405426,
0.9,dec_escalate_joint,0.16164107620716095,0.4854072630405426,
0.9,dec_escalate_joint,0.16164107620716095,0.4854072630405426,
0.9,dec_escalate_joint,0.16164107620716095,0.4854072630405426,
0.9,dec_escalate_joint,0.16164107620716095,0.4854072630405426,
0.9,dec_escalate_joint,0.16164107620716095,0.4854072630405426,
0.9,dec_escalate_joint,0.16164107620716095,0.4854072630405426,
0.9,dec_escalate_joint,0.16164107620716095,0.4854072630405426,
0.9,dec_escalate_joint,0.16164107620716095,0.4854072630405426,
0.9,dec_mixed_joint,6.83061408996582,0.838462233543396,
0.9,dec_mixed_joint,6.337913513183594,0.839178204536438,
0.9,dec_mixed_joint,5.48477029800415,0.8411874771118164,
0.9,dec_mixed_joint,5.018982887268066,0.841664731502533,
0.9,dec_mixed_joint,4.722936630249023,0.8438718318939209,
0.9,dec_mixed_joint,4.293336868286133,0.8461315035820007,
0.9,dec_mixed_joint,4.09944486618042,0.8463162779808044,
0.9,dec_mixed_joint,3.4760429859161377,0.8500359654426575,
0.9,dec_mixed_joint,3.2692437171936035,0.8470041751861572,
0.9,dec_mixed_joint,3.012730836868286,0.8441203236579895,
0.9,dec_mixed_joint,2.2666966915130615,0.8336406946182251,
0.9,dec_mixed_joint,1.5983421802520752,0.8388298749923706,
0.9,dec_mixed_joint,1.1491913795471191,0.8391319513320923,
0.9,dec_mixed_joint,0.9196404814720154,0.8384222388267517,
0.9,dec_mixed_joint,0.9063253402709961,0.8357959985733032,
0.9,dec_mixed_joint,0.8521865010261536,0.8315016627311707,
0.9,dec_mixed_joint,0.6750256419181824,0.8319991827011108,
0.9,dec_mixed_joint,0.5165855884552002,0.8196979761123657,
0.9,dec_mixed_joint,0.5101273655891418,0.8175130486488342,
0.9,dec_mixed_joint,0.38618218898773193,0.810221254825592,
0.9,dec_mixed_joint,0.34308451414108276,0.8041276335716248,
0.9,dec_mixed_joint,0.3163660168647766,0.7898522019386292,
0.9,dec_mixed_joint,0.24711166322231293,0.7554404139518738,
0.9,dec_mixed_joint,0.20537537336349487,0.7419302463531494,
0.9,dec_mixed_joint,0.180770143866539,0.7299875020980835,
0.9,dec_mixed_joint,0.1742633730173111,0.7287041544914246,
0.9,dec_mixed_joint,0.17113639414310455,0.7201057076454163,
0.9,dec_mixed_joint,0.12242497503757477,0.5926536917686462,
0.9,dec_mixed_joint,0.10000868141651154,0.5361769199371338,
0.9,dec_mixed_joint,0.10000868141651154,0.5361769199371338,
0.9,dec_mixed_joint,0.10000868141651154,0.5361769199371338,
0.9,dec_mixed_joint,0.10000868141651154,0.5361769199371338,
0.9,dec_mixed_joint,0.09824338555335999,0.4940052628517151,
0.9,dec_mixed_joint,0.07260796427726746,0.014690381474792957,
0.9,dec_mixed_joint,0.07260796427726746,0.014690381474792957,
0.9,dec_mixed_joint,0.07260796427726746,0.014690381474792957,
0.9,dec_mixed_joint,0.07260796427726746,0.014690381474792957,
0.9,dec_mixed_joint,0.07260796427726746,0.014690381474792957,
0.9,dec_mixed_joint,0.07260796427726746,0.014690381474792957,
0.9,dec_mixed_joint,0.07260796427726746,0.014690381474792957,
0.9,dec_mixed_joint,0.07260796427726746,0.014690381474792957,
0.9,dec_pandora,5.993523422736805,0.8863965804378192,2.1622859025032937
0.9,dec_pandora,0.8378859600397035,0.8762516483664513,2.2757411067193676
0.9,dec_pandora,0.8378859600397035,0.8762516483664513,2.2757411067193676
0.9,dec_pandora,0.8378859600397035,0.8762516483664513,2.2757411067193676
0.9,dec_pandora,0.8378859600397035,0.8762516483664513,2.2757411067193676
0.9,dec_pandora,0.8378859600397035,0.8762516483664513,2.2757411067193676
0.9,dec_pandora,0.8378859600397035,0.8762516483664513,2.2757411067193676
0.9,dec_pandora,0.8378859600397035,0.8762516483664513,2.2757411067193676
0.9,dec_pandora,0.8378859600397035,0.8762516483664513,2.2757411067193676
0.9,dec_pandora,0.8378859600397035,0.8762516483664513,2.2757411067193676
0.9,dec_pandora,0.8378859600397035,0.8762516483664513,2.2757411067193676
0.9,dec_pandora,0.8378859600397035,0.8762516483664513,2.2757411067193676
0.9,dec_pandora,0.8378859600397035,0.8762516483664513,2.2757411067193676
0.9,dec_pandora,0.8378859600397035,0.8762516483664513,2.2757411067193676
0.9,dec_pandora,0.8378859600397035,0.8762516483664513,2.2757411067193676
0.9,dec_pandora,0.8378859600397035,0.8762516483664513,2.2757411067193676
0.9,dec_pandora,0.8378859600397035,0.8762516483664513,2.2757411067193676
0.9,dec_pandora,0.8047119072955028,0.8762516483664513,2.271574440052701
0.9,dec_pandora,0.7974184810274744,0.8762516483664513,2.2704380764163377
0.9,dec_pandora,0.7374907892711499,0.8758728603521982,2.2549077733860345
0.9,dec_pandora,0.6342234248950666,0.8751317540804545,2.210375494071146
0.9,dec_pandora,0.5326391925100895,0.8706521759430568,2.161083662714098
0.9,dec_pandora,0.3075638321705644,0.8368083029985428,2.031949934123847
0.9,dec_pandora,0.3075638321705644,0.8368083029985428,2.031949934123847
0.9,dec_pandora,0.3075638321705644,0.8368083029985428,2.031949934123847
0.9,dec_pandora,0.2576075091619383,0.7938570449749629,1.9149209486166006
0.9,dec_pandora,0.2576075091619383,0.7938570449749629,1.9149209486166006
0.9,dec_pandora,0.14713672112737328,0.6563241076966126,1.47598814229249
0.9,dec_pandora,0.14713672112737328,0.6563241076966126,1.47598814229249
0.9,dec_pandora,0.10008222892376126,0.5352108038961887,1.0
0.9,dec_pandora,0.10008222892376126,0.5352108038961887,1.0
0.9,dec_pandora,0.10008222892376126,0.5352108038961887,1.0
0.9,dec_pandora,0.10008222892376126,0.5352108038961887,1.0
0.9,dec_pandora,0.10008222892376126,0.5352108038961887,1.0
0.9,dec_pandora,0.10008222892376126,0.5352108038961887,1.0
0.9,dec_pandora,0.10008222892376126,0.5352108038961887,1.0
0.9,dec_pandora,0.10008222892376126,0.5352108038961887,1.0
0.9,dec_pandora,0.10008222892376126,0.5352108038961887,1.0
0.9,dec_pandora,0.10008222892376126,0.5352108038961887,1.0
0.9,dec_pandora,0.10008222892376126,0.5352108038961887,1.0
0.9,dec_pandora,0.10008222892376126,0.5352108038961887,1.0
0.9,dec_revcat,6.115790128615184,0.8680500706036886,2.140135046113307
0.9,dec_revcat,0.8560152222431844,0.8470849812030792,2.284963768115942
0.9,dec_revcat,0.8560152222431844,0.8470849812030792,2.284963768115942
0.9,dec_revcat,0.8560152222431844,0.8470849812030792,2.284963768115942
0.9,dec_revcat,0.8560152222431844,0.8470849812030792,2.284963768115942
0.9,dec_revcat,0.8542656153159485,0.8470849812030792,2.284584980237154
0.9,dec_revcat,0.8528883844333037,0.8470849812030792,2.2842061923583663
0.9,dec_revcat,0.8528883844333037,0.8470849812030792,2.2842061923583663
0.9,dec_revcat,0.8512882943125258,0.8467061931888262,2.2838274044795783
0.9,dec_revcat,0.8304277165991663,0.8467061931888262,2.280418313570487
0.9,dec_revcat,0.8182799038830628,0.8467061931888262,2.2774044795783923
0.9,dec_revcat,0.7890635146565578,0.8467061931888262,2.271014492753623
0.9,dec_revcat,0.7533728257492823,0.8463274051745733,2.261643610013175
0.9,dec_revcat,0.7027410384148546,0.8463274051745733,2.2495882740447954
0.9,dec_revcat,0.639612189662055,0.8459486171603203,2.2367753623188404
0.9,dec_revcat,0.5756031803907005,0.8455698296427727,2.222859025032938
0.9,dec_revcat,0.5332974811560047,0.8455698301394781,2.2028656126482216
0.9,dec_revcat,0.49763926388560875,0.843313571314017,2.1862318840579706
0.9,dec_revcat,0.43950899635596213,0.8391798416773478,2.157723978919631
0.9,dec_revcat,0.3564698499241508,0.828277339041233,2.0898221343873518
0.9,dec_revcat,0.30918517013752833,0.8189229269822439,2.043560606060606
0.9,dec_revcat,0.3026013070253633,0.8189229264855384,2.018148880105402
0.9,dec_revcat,0.2922078922589718,0.8106060614188512,1.9920619235836627
0.9,dec_revcat,0.26645992815921543,0.7887845829129219,1.9324934123847168
0.9,dec_revcat,0.24963023082889393,0.7774703532457352,1.8852108036890647
0.9,dec_revcat,0.21303664066623876,0.731044135739406,1.7372364953886694
0.9,dec_revcat,0.14728746204532694,0.650378783295552,1.4787549407114622
0.9,dec_revcat,0.14728746204532694,0.650378783295552,1.4787549407114622
0.9,dec_revcat,0.12302366385398353,0.5873517756660779,1.227536231884058
0.9,dec_revcat,0.10008222892376126,0.5352108038961887,1.0
0.9,dec_revcat,0.10008222892376126,0.5352108038961887,1.0
0.9,dec_revcat,0.10008222892376126,0.5352108038961887,1.0
0.9,dec_revcat,0.10008222892376126,0.5352108038961887,1.0
0.9,dec_revcat,0.10008222892376126,0.5352108038961887,1.0
0.9,dec_revcat,0.10008222892376126,0.5352108038961887,1.0
0.9,dec_revcat,0.10008222892376126,0.5352108038961887,1.0
0.9,dec_revcat,0.10008222892376126,0.5352108038961887,1.0
0.9,dec_revcat,0.10008222892376126,0.5352108038961887,1.0
0.9,dec_revcat,0.10008222892376126,0.5352108038961887,1.0
0.9,dec_revcat,0.10008222892376126,0.5352108038961887,1.0
0.9,dec_revcat,0.10008222892376126,0.5352108038961887,1.0
0.85,single_points,9.276904106140137,0.6886034607887268,
0.85,single_points,3.808478832244873,0.5986934900283813,
0.85,single_points,21.59095001220703,0.6914580464363098,
0.85,single_points,6.0883708000183105,0.6564229726791382,
0.85,single_points,13.404322624206543,0.6935550570487976,
0.85,single_points,0.8387231826782227,0.0027777778450399637,
0.85,single_points,5.265920639038086,0.27921608090400696,
0.85,single_points,4.892588138580322,0.3935880661010742,
0.85,single_points,18.29735565185547,0.5377799272537231,
0.85,single_points,2.3366405963897705,0.31549185514450073,
0.85,single_points,8.596776008605957,0.4395805299282074,
0.85,single_points,4.153711795806885,0.5145367383956909,
0.85,single_points,2.316466808319092,0.40743303298950195,
0.85,single_points,12.737649917602539,0.5796332955360413,
0.85,single_points,3.352701425552368,0.4817962646484375,
0.85,single_points,7.791232109069824,0.5663592219352722,
0.85,single_points,6.111572265625,0.727733850479126,
0.85,single_points,1.6865484714508057,0.5685990452766418,
0.85,single_points,12.029446601867676,0.7284585237503052,
0.85,single_points,3.3321430683135986,0.6849362850189209,
0.85,single_points,9.2087984085083,0.7337615489959717,
0.85,single_points,5.487627029418945,0.29704657196998596,
0.85,single_points,7.463020324707031,0.4699055552482605,
0.85,single_points,2.188255548477173,0.30159199237823486,
0.85,single_points,25.989742279052734,0.5211242437362671,
0.85,single_points,4.097256660461426,0.3938845098018646,
0.85,single_points,11.88031005859375,0.4938405454158783,
0.85,single_points,0.10000867396593094,0.5361769199371338,
0.85,single_points,4.281822204589844,0.08238910883665085,
0.85,single_points,0.24124747514724731,0.6251427531242371,
0.85,single_points,1.844233751296997,0.09824330359697342,
0.85,single_points,2.1572413444519043,0.11744620651006699,
0.85,single_points,3.4796910285949707,0.36880767345428467,
0.85,single_points,7.431429386138916,0.288614422082901,
0.85,single_points,4.4770331382751465,0.4643060564994812,
0.85,single_points,2.18442702293396,0.6531510949134827,
0.85,single_points,1.8237465620040894,0.5375823378562927,
0.85,single_points,2.0017824172973633,0.6568511128425598,
0.85,single_points,2.3560266494750977,0.7350351810455322,
0.85,single_points,1.9699456691741943,0.6974198818206787,
0.85,single_points,1.4774951934814453,0.052481334656476974,
0.85,single_points,7.537323474884033,0.17801931500434875,
0.85,single_points,2.8305375576019287,0.35637903213500977,
0.85,single_points,3.9133880138397217,0.4228041470050812,
0.85,single_points,0.4842551350593567,0.6335747838020325,
0.85,single_points,4.001148700714111,0.6822024583816528,
0.85,single_points,2.086649179458618,0.2477162927389145,
0.85,single_points,4.971733093261719,0.5287110209465027,
0.85,single_points,4.812073707580566,0.6424132585525513,
0.85,single_points,1.217673659324646,0.27008122205734253,
0.85,single_points,2.5338034629821777,0.5055775046348572,
0.85,single_points,6.90861701965332,0.6904699206352234,
0.85,single_points,0.7814671993255615,0.44251206517219543,
0.85,single_points,0.07260796427726746,0.014690382406115532,
0.85,single_points,3.132617473602295,0.6773825287818909,
0.85,single_points,0.21662096679210663,0.11368027329444885,
0.85,single_points,1.5486983060836792,0.5593434572219849,
0.85,single_points,3.4720561504364014,0.6982322931289673,
0.85,single_points,1.0710885524749756,0.45546773076057434,
0.85,single_points,8.386049270629883,0.7322134375572205,
0.85,single_points,1.8642641305923462,0.6063021421432495,
0.85,single_points,4.714482307434082,0.6944004893302917,
0.85,single_points,1.1341863870620728,0.5339152216911316,
0.85,single_points,0.42905953526496887,0.23626483976840973,
0.85,single_points,4.969249248504639,0.6919630765914917,
0.85,single_points,0.5840455293655396,0.34259989857673645,
0.85,single_points,2.1389853954315186,0.5955314040184021,
0.85,single_points,3.9015398025512695,0.7278107404708862,
0.85,single_points,1.6082100868225098,0.677931547164917,
0.85,single_points,7.45270299911499,0.725472092628479,
0.85,single_points,3.0884907245635986,0.7230895757675171,
0.85,single_points,4.430572032928467,0.7449933290481567,
0.85,single_points,2.416532278060913,0.5332125425338745,
0.85,single_points,4.399432182312012,0.6557641625404358,
0.85,single_points,1.0485512018203735,0.4047321379184723,
0.85,single_points,3.4320244789123535,0.6836845874786377,
0.85,single_points,5.508119583129883,0.6702898740768433,
0.85,single_points,6.639136791229248,0.13227932155132294,
0.85,single_points,3.1732895374298096,0.23271846771240234,
0.85,single_points,2.819286346435547,0.29676109552383423,
0.85,single_points,4.666293144226074,0.6838164925575256,
0.85,single_points,1.9705265760421753,0.20272286236286163,
0.85,single_points,0.706757128238678,0.0012626262614503503,
0.85,single_points,5.608649730682373,0.2044246792793274,
0.85,single_points,2.4037208557128906,0.5280961394309998,
0.85,single_points,3.6902341842651367,0.5457948446273804,
0.85,single_points,4.241115093231201,0.026844529435038567,
0.85,single_points,2.1259822845458984,0.17052043974399567,
0.85,single_points,3.722062826156616,0.5764053463935852,
0.85,u_single,5.17481608646425,0.7048418972332017,1.0
0.85,u_single,5.17481608646425,0.7048418972332017,1.0
0.85,u_single,5.17481608646425,0.7048418972332017,1.0
0.85,u_single,5.17481608646425,0.7048418972332017,1.0
0.85,u_single,5.17481608646425,0.7048418972332017,1.0
0.85,u_single,5.17481608646425,0.7048418972332017,1.0
0.85,u_single,5.17481608646425,0.7048418972332017,1.0
0.85,u_single,4.730434422869666,0.7159530083443129,1.0
0.85,u_single,4.535336917335128,0.7212560386473431,1.0
0.85,u_single,4.535336917335128,0.7212560386473431,1.0
0.85,u_single,4.166641273790931,0.7298418972332017,1.0
0.85,u_single,3.8775736793699007,0.7174681598594643,1.0
0.85,u_single,3.7140517607305106,0.716205533596838,1.0
0.85,u_single,3.216906563724323,0.7157004830917874,1.0
0.85,u_single,2.3367033273812754,0.6979468599033817,1.0
0.85,u_single,1.7096095347588043,0.6549956082564778,1.0
0.85,u_single,0.5648924725277447,0.5967061923583664,1.0
0.85,u_single,0.2753165266915443,0.6148880105401846,1.0
0.85,u_single,0.2617916689937804,0.6174132630654371,1.0
0.85,u_single,0.24124751693119617,0.625142731664471,1.0
0.85,u_single,0.24124751693119617,0.625142731664471,1.0
0.85,u_single,0.24124751693119617,0.625142731664471,1.0
0.85,u_single,0.24124751693119617,0.625142731664471,1.0
0.85,u_single,0.1387119491397271,0.536352657004831,1.0
0.85,u_single,0.10000867727991777,0.5361769872639438,1.0
0.85,u_single,0.10000867727991777,0.5361769872639438,1.0
0.85,u_single,0.10000867727991777,0.5361769872639438,1.0
0.85,u_single,0.10000867727991777,0.5361769872639438,1.0
0.85,u_single,0.10000867727991777,0.5361769872639438,1.0
0.85,u_single,0.10000867727991777,0.5361769872639438,1.0
0.85,u_single,0.10000867727991777,0.5361769872639438,1.0
0.85,u_single,0.10000867727991777,0.5361769872639438,1.0
0.85,u_single,0.09039501864160422,0.3225406236275801,1.0
0.85,u_single,0.07260796541362824,0.014690382081686429,1.0
0.85,u_single,0.07260796541362824,0.014690382081686429,1.0
0.85,u_single,0.07260796541362824,0.014690382081686429,1.0
0.85,u_single,0.07260796541362824,0.014690382081686429,1.0
0.85,u_single,0.07260796541362824,0.014690382081686429,1.0
0.85,u_single,0.07260796541362824,0.014690382081686429,1.0
0.85,u_single,0.07260796541362824,0.014690382081686429,1.0
0.85,u_single,0.07260796541362824,0.014690382081686429,1.0
0.85,u_dp3,12.965666209088685,0.7948995690601667,2.829180610452349
0.85,u_dp3,10.323131865201237,0.7951418862538426,2.3837152503293804
0.85,u_dp3,9.985888058677796,0.7913950990887132,2.3430806433904263
0.85,u_dp3,9.915135643130675,0.7907021643061044,2.3644357158541944
0.85,u_dp3,9.611809554041393,0.790059676932367,2.3869789745278873
0.85,u_dp3,8.465904084170784,0.7886376207729467,2.3666529973649535
0.85,u_dp3,6.922552447377426,0.7877602080588494,2.338030522617479
0.85,u_dp3,6.23177966038566,0.7770053469477384,2.2126050175669736
0.85,u_dp3,5.84810601016332,0.7764430898660518,2.0555804238032493
0.85,u_dp3,5.443245150379069,0.7762589673913046,2.056676383399209
0.85,u_dp3,4.482941495779203,0.7815140604413704,1.7447468708827403
0.85,u_dp3,3.7062352464772674,0.7960550738361878,1.6969941260430388
0.85,u_dp3,2.623247566752781,0.7946900142731665,1.8873893829600348
0.85,u_dp3,2.1560570338539256,0.7936688899868248,1.6332987483530956
0.85,u_dp3,1.4733367774764996,0.8040527599363197,1.6154805665349141
0.85,u_dp3,0.7802623898141146,0.8058700387022397,1.612306818181818
0.85,u_dp3,0.695918787877264,0.803049962944664,1.619165404040404
0.85,u_dp3,0.5727465616808253,0.7932079737593324,1.633420564339042
0.85,u_dp3,0.3917091412284288,0.7854495333772509,1.6417659200702674
0.85,u_dp3,0.3606589722203623,0.7720805816315327,1.6782903491436099
0.85,u_dp3,0.2949851674317022,0.7586328872968818,1.7055356280193235
0.85,u_dp3,0.24238777938412043,0.7403356348814228,1.721387845849802
0.85,u_dp3,0.21751728736641956,0.7353168642951251,1.7413372310057091
0.85,u_dp3,0.21330127061728785,0.7365933794466403,1.740205917874396
0.85,u_dp3,0.20487352308549814,0.724302618577075,1.740205917874396
0.85,u_dp3,0.17899759824827577,0.7049219367588933,1.740205917874396
0.85,u_dp3,0.14727238743470678,0.6528145586297761,1.4746761089152391
0.85,u_dp3,0.10000867727991777,0.5361769872639438,1.0
0.85,u_dp3,0.10000867727991777,0.5361769872639438,1.0
0.85,u_dp3,0.10000867727991777,0.5361769872639438,1.0
0.85,u_dp3,0.10000867727991777,0.5361769872639438,1.0
0.85,u_dp3,0.10000867727991777,0.5361769872639438,1.0
0.85,u_dp3,0.09039501864160422,0.3225406236275801,1.0
0.85,u_dp3,0.07260796541362824,0.014690382081686429,1.0
0.85,u_dp3,0.07260796541362824,0.014690382081686429,1.0
0.85,u_dp3,0.07260796541362824,0.014690382081686429,1.0
0.85,u_dp3,0.07260796541362824,0.014690382081686429,1.0
0.85,u_dp3,0.07260796541362824,0.014690382081686429,1.0
0.85,u_dp3,0.07260796541362824,0.014690382081686429,1.0
0.85,u_dp3,0.07260796541362824,0.014690382081686429,1.0
0.85,u_dp3,0.07260796541362824,0.014690382081686429,1.0
0.85,u_dp3_noom,10.057874871364042,0.7532284310496267,1.988947957839262
0.85,u_dp3_noom,8.290344841022048,0.7502894845191042,1.6175765261308734
0.85,u_dp3_noom,8.258363478100325,0.7501526789635485,1.6069199604743079
0.85,u_dp3_noom,7.810634861332813,0.7533956590360124,1.5931572793148878
0.85,u_dp3_noom,7.656312940201206,0.7546191740777338,1.5830802042160736
0.85,u_dp3_noom,7.516769715236125,0.7551747296332894,1.5832658102766797
0.85,u_dp3_noom,6.546044407498963,0.7585135155906895,1.5737522507685549
0.85,u_dp3_noom,5.853747168416665,0.7628388298748353,1.5679984628897674
0.85,u_dp3_noom,5.316621638670402,0.7661663935551163,1.5690759771629332
0.85,u_dp3_noom,4.349951351409548,0.7867648742863415,1.5404461462450592
0.85,u_dp3_noom,3.870808807698366,0.7944111811045234,1.5358325098814227
0.85,u_dp3_noom,3.676594901001127,0.7886052906785243,1.5401794576196746
0.85,u_dp3_noom,2.58584174042428,0.7775766949385156,1.6155170729029422
0.85,u_dp3_noom,1.420924184596627,0.7881621925779534,1.6504075537988576
0.85,u_dp3_noom,0.9201118521681183,0.7963453282828283,1.6407852437417652
0.85,u_dp3_noom,0.6528754472735162,0.7780806982872199,1.6336173144488357
0.85,u_dp3_noom,0.5377637494459004,0.773620965085639,1.6321059508124722
0.85,u_dp3_noom,0.4168449138424013,0.7812863416776461,1.6191208278436535
0.85,u_dp3_noom,0.3982354805147832,0.7819479578392624,1.6191208278436535
0.85,u_dp3_noom,0.3904380274510075,0.7818281730346949,1.6191208278436535
0.85,u_dp3_noom,0.31978176626708493,0.7527592226613966,1.7046940601668863
0.85,u_dp3_noom,0.23573125621087362,0.7357089097496706,1.7409395037329818
0.85,u_dp3_noom,0.21239621169784004,0.727096810496267,1.7413372310057091
0.85,u_dp3_noom,0.17897583869879222,0.7045984025032938,1.740205917874396
0.85,u_dp3_noom,0.17381322701733462,0.7052808519982433,1.740205917874396
0.85,u_dp3_noom,0.17381322701733462,0.7052808519982433,1.740205917874396
0.85,u_dp3_noom,0.17381322701733462,0.7052808519982433,1.740205917874396
0.85,u_dp3_noom,0.15327288954190296,0.6561193181818182,1.531814668423364
0.85,u_dp3_noom,0.10000867727991777,0.5361769872639438,1.0
0.85,u_dp3_noom,0.10000867727991777,0.5361769872639438,1.0
0.85,u_dp3_noom,0.10000867727991777,0.5361769872639438,1.0
0.85,u_dp3_noom,0.10000867727991777,0.5361769872639438,1.0
0.85,u_dp3_noom,0.09715752400475038,0.46370223978919634,1.0
0.85,u_dp3_noom,0.07260796541362824,0.014690382081686429,1.0
0.85,u_dp3_noom,0.07260796541362824,0.014690382081686429,1.0
0.85,u_dp3_noom,0.07260796541362824,0.014690382081686429,1.0
0.85,u_dp3_noom,0.07260796541362824,0.014690382081686429,1.0
0.85,u_dp3_noom,0.07260796541362824,0.014690382081686429,1.0
0.85,u_dp3_noom,0.07260796541362824,0.014690382081686429,1.0
0.85,u_dp3_noom,0.07260796541362824,0.014690382081686429,1.0
0.85,u_dp3_noom,0.07260796541362824,0.014690382081686429,1.0
0.85,u_single_emp,5.167924121663558,0.6801493192797541,1.0
0.85,u_single_emp,5.167924121663558,0.6801493192797541,1.0
0.85,u_single_emp,5.167924121663558,0.6801493192797541,1.0
0.85,u_single_emp,5.167924121663558,0.6801493192797541,1.0
0.85,u_single_emp,5.167924121663558,0.6801493192797541,1.0
0.85,u_single_emp,4.720928574494484,0.6823232323232323,1.0
0.85,u_single_emp,4.525831068959946,0.6876262626262626,1.0
0.85,u_single_emp,4.525831068959946,0.6876262626262626,1.0
0.85,u_single_emp,3.9954618137122035,0.6934343434343435,1.0
0.85,u_single_emp,3.6267661701680063,0.7020202020202021,1.0
0.85,u_single_emp,3.2860449635097733,0.6979468599033817,1.0
0.85,u_single_emp,2.675221686208515,0.7181488801054018,1.0
0.85,u_single_emp,2.4036110289849675,0.7272068511198946,1.0
0.85,u_single_emp,2.3560262975145125,0.7350351339481773,1.0
0.85,u_single_emp,2.3560262975145125,0.7350351339481773,1.0
0.85,u_single_emp,2.207414212198597,0.723671497584541,1.0
0.85,u_single_emp,0.6982582975043166,0.6054347826086957,1.0
0.85,u_single_emp,0.2617916689937804,0.6174132630654371,1.0
0.85,u_single_emp,0.2617916689937804,0.6174132630654371,1.0
0.85,u_single_emp,0.24124751693119617,0.625142731664471,1.0
0.85,u_single_emp,0.24124751693119617,0.625142731664471,1.0
0.85,u_single_emp,0.24124751693119617,0.625142731664471,1.0
0.85,u_single_emp,0.24124751693119617,0.625142731664471,1.0
0.85,u_single_emp,0.11878687653180946,0.5306214317083883,1.0
0.85,u_single_emp,0.10000867727991777,0.5361769872639438,1.0
0.85,u_single_emp,0.10000867727991777,0.5361769872639438,1.0
0.85,u_single_emp,0.10000867727991777,0.5361769872639438,1.0
0.85,u_single_emp,0.10000867727991777,0.5361769872639438,1.0
0.85,u_single_emp,0.10000867727991777,0.5361769872639438,1.0
0.85,u_single_emp,0.10000867727991777,0.5361769872639438,1.0
0.85,u_single_emp,0.10000867727991777,0.5361769872639438,1.0
0.85,u_single_emp,0.10000867727991777,0.5361769872639438,1.0
0.85,u_single_emp,0.10000867727991777,0.5361769872639438,1.0
0.85,u_single_emp,0.07260796541362824,0.014690382081686429,1.0
0.85,u_single_emp,0.07260796541362824,0.014690382081686429,1.0
0.85,u_single_emp,0.07260796541362824,0.014690382081686429,1.0
0.85,u_single_emp,0.07260796541362824,0.014690382081686429,1.0
0.85,u_single_emp,0.07260796541362824,0.014690382081686429,1.0
0.85,u_single_emp,0.07260796541362824,0.014690382081686429,1.0
0.85,u_single_emp,0.07260796541362824,0.014690382081686429,1.0
0.85,u_single_emp,0.07260796541362824,0.014690382081686429,1.0
0.85,u_dp3_emp,11.559964476048044,0.8363579696420727,2.8648233970136143
0.85,u_dp3_emp,9.582410616864452,0.8344162261198945,2.6308371761089147
0.85,u_dp3_emp,9.424068319005864,0.8346825990887131,2.5978118137900736
0.85,u_dp3_emp,9.136923629674985,0.8350039388449714,2.561920180061484
0.85,u_dp3_emp,8.448644093671957,0.8340429430171276,2.56664273166447
0.85,u_dp3_emp,7.264732970820844,0.832263850461133,2.5092689393939387
0.85,u_dp3_emp,5.916166997275099,0.829636167380325,2.448727272727273
0.85,u_dp3_emp,5.566597064420315,0.8276536739679401,2.4419799626701804
0.85,u_dp3_emp,4.234690409482682,0.829629189997804,2.213022782169521
0.85,u_dp3_emp,3.1805089729714573,0.8235416145147121,2.1955225625823447
0.85,u_dp3_emp,2.834152394501578,0.8293652132740447,2.1692750878348694
0.85,u_dp3_emp,2.2540707636003807,0.8290637873298199,2.3337056982872197
0.85,u_dp3_emp,1.6931443602347316,0.8258971851668861,2.39141930171278
0.85,u_dp3_emp,1.2539665606704378,0.8226602588383838,2.1407564229249005
0.85,u_dp3_emp,1.0118725280706629,0.8187819471892841,1.7770907444005268
0.85,u_dp3_emp,0.8566664490136982,0.8242311429512518,1.6171225845410624
0.85,u_dp3_emp,0.7938485119531473,0.812626818456302,1.6171225845410624
0.85,u_dp3_emp,0.5677480408454765,0.8071901597496705,1.6171225845410624
0.85,u_dp3_emp,0.48714053780515826,0.79476259195213,1.6281528875713653
0.85,u_dp3_emp,0.3549935877146583,0.7720024731005709,1.6903874066754503
0.85,u_dp3_emp,0.3146820809926561,0.7688607570267896,1.7081871431708386
0.85,u_dp3_emp,0.29758501077109123,0.767917601284585,1.7076480017566973
0.85,u_dp3_emp,0.22313986023536442,0.7362739350021958,1.7377842007026787
0.85,u_dp3_emp,0.21330127061728785,0.7365933794466403,1.740205917874396
0.85,u_dp3_emp,0.2107491320118831,0.7310734519104083,1.740205917874396
0.85,u_dp3_emp,0.17899759824827577,0.7049219367588933,1.740205917874396
0.85,u_dp3_emp,0.13258683749982375,0.6150137241985069,1.3297672375933245
0.85,u_dp3_emp,0.10000867727991777,0.5361769872639438,1.0
0.85,u_dp3_emp,0.10000867727991777,0.5361769872639438,1.0
0.85,u_dp3_emp,0.10000867727991777,0.5361769872639438,1.0
0.85,u_dp3_emp,0.10000867727991777,0.5361769872639438,1.0
0.85,u_dp3_emp,0.10000867727991777,0.5361769872639438,1.0
0.85,u_dp3_emp,0.10000867727991777,0.5361769872639438,1.0
0.85,u_dp3_emp,0.07260796541362824,0.014690382081686429,1.0
0.85,u_dp3_emp,0.07260796541362824,0.014690382081686429,1.0
0.85,u_dp3_emp,0.07260796541362824,0.014690382081686429,1.0
0.85,u_dp3_emp,0.07260796541362824,0.014690382081686429,1.0
0.85,u_dp3_emp,0.07260796541362824,0.014690382081686429,1.0
0.85,u_dp3_emp,0.07260796541362824,0.014690382081686429,1.0
0.85,u_dp3_emp,0.07260796541362824,0.014690382081686429,1.0
0.85,u_dp3_emp,0.07260796541362824,0.014690382081686429,1.0
0.85,u_dp3_raw,11.56221515954598,0.8372763092885374,2.8625254172156342
0.85,u_dp3_raw,9.771145593271848,0.8348660861330697,2.685818950373298
0.85,u_dp3_raw,9.489162697604197,0.8344361440491873,2.642457125603864
0.85,u_dp3_raw,8.996677048019892,0.8360576320267895,2.5964555335968376
0.85,u_dp3_raw,7.998134206094406,0.8345915637351776,2.550055720245937
0.85,u_dp3_raw,6.7815523606097905,0.8322624931379006,2.524848484848484
0.85,u_dp3_raw,5.837906519459184,0.8295234779863855,2.433092171717171
0.85,u_dp3_raw,5.30590792568016,0.8285928153820816,2.5259307202459373
0.85,u_dp3_raw,3.437861598838238,0.8244686511857707,2.2253672595520415
0.85,u_dp3_raw,2.9372324573592445,0.8265358201581026,2.232444279754062
0.85,u_dp3_raw,2.552345969633945,0.8288006244510319,2.332503678085199
0.85,u_dp3_raw,2.1797287194233106,0.8292939956631531,2.383175395256917
0.85,u_dp3_raw,1.6331243256146923,0.8264037974857268,2.391689833113746
0.85,u_dp3_raw,1.2858555684916229,0.8233235164141414,2.2454142512077286
0.85,u_dp3_raw,1.038066361012534,0.8196690491875273,1.8929952239789194
0.85,u_dp3_raw,0.8696843286022935,0.8283782389108476,1.6180948067632848
0.85,u_dp3_raw,0.8109279521069815,0.815501187143171,1.6171225845410624
0.85,u_dp3_raw,0.5898148220428318,0.8062644954984627,1.6171225845410624
0.85,u_dp3_raw,0.523618769432451,0.7974981774264381,1.6249357158541937
0.85,u_dp3_raw,0.340584274563384,0.7694945816864295,1.7028053359683792
0.85,u_dp3_raw,0.3146820809926561,0.7691585789964867,1.7081871431708386
0.85,u_dp3_raw,0.2958973739205601,0.7690251770421608,1.7027073451910406
0.85,u_dp3_raw,0.2504050090558981,0.7456458772507685,1.7295218489240225
0.85,u_dp3_raw,0.21330127061728785,0.7365933794466403,1.740205917874396
0.85,u_dp3_raw,0.21330127061728785,0.7365933794466403,1.740205917874396
0.85,u_dp3_raw,0.19319433433265776,0.7132849418093983,1.740205917874396
0.85,u_dp3_raw,0.10343372519333349,0.5427805226174791,1.0343939393939394
0.85,u_dp3_raw,0.10000867727991777,0.5361769872639438,1.0
0.85,u_dp3_raw,0.10000867727991777,0.5361769872639438,1.0
0.85,u_dp3_raw,0.10000867727991777,0.5361769872639438,1.0
0.85,u_dp3_raw,0.10000867727991777,0.5361769872639438,1.0
0.85,u_dp3_raw,0.10000867727991777,0.5361769872639438,1.0
0.85,u_dp3_raw,0.09652439703429458,0.4571365832235398,1.0
0.85,u_dp3_raw,0.07260796541362824,0.014690382081686429,1.0
0.85,u_dp3_raw,0.07260796541362824,0.014690382081686429,1.0
0.85,u_dp3_raw,0.07260796541362824,0.014690382081686429,1.0
0.85,u_dp3_raw,0.07260796541362824,0.014690382081686429,1.0
0.85,u_dp3_raw,0.07260796541362824,0.014690382081686429,1.0
0.85,u_dp3_raw,0.07260796541362824,0.014690382081686429,1.0
0.85,u_dp3_raw,0.07260796541362824,0.014690382081686429,1.0
0.85,u_dp3_raw,0.07260796541362824,0.014690382081686429,1.0
0.85,u_dp3_emp_indep,8.227014060281656,0.7523346508563901,1.5866655138339918
0.85,u_dp3_emp_indep,7.781628404265195,0.7545900856389988,1.583393774703557
0.85,u_dp3_emp_indep,7.370910266704945,0.7576514602547212,1.5776303798858144
0.85,u_dp3_emp_indep,7.289124962076181,0.7578339097496707,1.5780546223100567
0.85,u_dp3_emp_indep,6.5542750735094115,0.7608446420729028,1.570966238471673
0.85,u_dp3_emp_indep,5.951504708684673,0.7683777173913043,1.5613854303908647
0.85,u_dp3_emp_indep,5.488503449385337,0.7731777283706632,1.5594290733421166
0.85,u_dp3_emp_indep,4.557696168142605,0.7962128623188406,1.5299534475186647
0.85,u_dp3_emp_indep,3.9623630732338815,0.8122876317523057,1.51380725735617
0.85,u_dp3_emp_indep,3.7185171305997557,0.8179252305665348,1.5040638998682472
0.85,u_dp3_emp_indep,3.6538469737265133,0.8157597990777339,1.505159859464207
0.85,u_dp3_emp_indep,3.5766398476127113,0.8139327788757135,1.505159859464207
0.85,u_dp3_emp_indep,2.2425295366373357,0.8123304787000438,1.5908022617479138
0.85,u_dp3_emp_indep,1.2967944558962825,0.8067444005270091,1.6487993522178301
0.85,u_dp3_emp_indep,0.8699863328402988,0.8222001262626263,1.6323887790953007
0.85,u_dp3_emp_indep,0.8247989505487385,0.8161881313131314,1.630170344751866
0.85,u_dp3_emp_indep,0.46661310468465117,0.7764265755379886,1.6216739679402719
0.85,u_dp3_emp_indep,0.39281315873447126,0.7809290184453227,1.6191208278436535
0.85,u_dp3_emp_indep,0.39281315873447126,0.7809290184453227,1.6191208278436535
0.85,u_dp3_emp_indep,0.3904380274510075,0.7818281730346949,1.6191208278436535
0.85,u_dp3_emp_indep,0.297313739807586,0.7518004501537111,1.7108878458498025
0.85,u_dp3_emp_indep,0.21751728736641956,0.7353168642951251,1.7413372310057091
0.85,u_dp3_emp_indep,0.21330127061728785,0.7365933794466403,1.740205917874396
0.85,u_dp3_emp_indep,0.17897583869879222,0.7045984025032938,1.740205917874396
0.85,u_dp3_emp_indep,0.17381322701733462,0.7052808519982433,1.740205917874396
0.85,u_dp3_emp_indep,0.17381322701733462,0.7052808519982433,1.740205917874396
0.85,u_dp3_emp_indep,0.17381322701733462,0.7052808519982433,1.740205917874396
0.85,u_dp3_emp_indep,0.17381322701733462,0.7052808519982433,1.740205917874396
0.85,u_dp3_emp_indep,0.10000867727991777,0.5361769872639438,1.0
0.85,u_dp3_emp_indep,0.10000867727991777,0.5361769872639438,1.0
0.85,u_dp3_emp_indep,0.10000867727991777,0.5361769872639438,1.0
0.85,u_dp3_emp_indep,0.10000867727991777,0.5361769872639438,1.0
0.85,u_dp3_emp_indep,0.10000867727991777,0.5361769872639438,1.0
0.85,u_dp3_emp_indep,0.07260796541362824,0.014690382081686429,1.0
0.85,u_dp3_emp_indep,0.07260796541362824,0.014690382081686429,1.0
0.85,u_dp3_emp_indep,0.07260796541362824,0.014690382081686429,1.0
0.85,u_dp3_emp_indep,0.07260796541362824,0.014690382081686429,1.0
0.85,u_dp3_emp_indep,0.07260796541362824,0.014690382081686429,1.0
0.85,u_dp3_emp_indep,0.07260796541362824,0.014690382081686429,1.0
0.85,u_dp3_emp_indep,0.07260796541362824,0.014690382081686429,1.0
0.85,u_dp3_emp_indep,0.07260796541362824,0.014690382081686429,1.0
0.85,u_pidx,15.242476638354981,0.8484257392151817,3.4525592702843655
0.85,u_pidx,14.951075763718052,0.8501820889729494,3.4541777843379444
0.85,u_pidx,14.829318395769315,0.8503852316323904,3.455451203166173
0.85,u_pidx,13.699996106346623,0.8508064746421415,3.439089774820213
0.85,u_pidx,13.468488405680421,0.8501968277594217,3.4421943757891413
0.85,u_pidx,13.133654069829594,0.8513684196221727,3.4481052939448835
0.85,u_pidx,12.290610976461663,0.8528862928090344,3.4355814145737265
0.85,u_pidx,11.757939716000434,0.8532584855846164,3.4368334018102216
0.85,u_pidx,11.03877905751274,0.8567661962538082,3.422060397240064
0.85,u_pidx,10.143323330755603,0.8593210088155672,3.4510413166721556
0.85,u_pidx,8.608084892479845,0.8581391491959334,3.4252968085817406
0.85,u_pidx,6.7546591193273136,0.8584127125645037,3.4966504093310826
0.85,u_pidx,4.392893140778815,0.8596405734779863,3.5101921069732653
0.85,u_pidx,2.8323189387539838,0.8649701668119717,3.498526081158048
0.85,u_pidx,1.7751247380933461,0.8576574911118657,3.4609884616820374
0.85,u_pidx,1.2062174866059734,0.8523595673309179,3.469003992719313
0.85,u_pidx,0.9472096849772748,0.8494162293004776,3.2988695744469143
0.85,u_pidx,0.7530916253616845,0.8423217128684948,2.9860836743933903
0.85,u_pidx,0.5380394341195296,0.8393624631973607,2.2428697443250436
0.85,u_pidx,0.4868740955594161,0.8303069148365446,2.3787997234162277
0.85,u_pidx,0.42746336609159796,0.8113867825043916,2.651587207221673
0.85,u_pidx,0.3140141614852382,0.7993400001290073,2.0032136475145474
0.85,u_pidx,0.27676983377374603,0.7851020958223539,1.9434759643994288
0.85,u_pidx,0.24969782058769574,0.7674796703447517,1.8865693483750547
0.85,u_pidx,0.23152271881199252,0.7501824920399648,1.8113821338383835
0.85,u_pidx,0.1993374107867951,0.7127221398770313,1.684909420289855
0.85,u_pidx,0.14727238743470678,0.6528145586297761,1.4746761089152391
0.85,u_pidx,0.10000867727991777,0.5361769872639438,1.0
0.85,u_pidx,0.10000867727991777,0.5361769872639438,1.0
0.85,u_pidx,0.10000867727991777,0.5361769872639438,1.0
0.85,u_pidx,0.10000867727991777,0.5361769872639438,1.0
0.85,u_pidx,0.10000867727991777,0.5361769872639438,1.0
0.85,u_pidx,0.09039501864160422,0.3225406236275801,1.0
0.85,u_pidx,0.07260796541362824,0.014690382081686429,1.0
0.85,u_pidx,0.07260796541362824,0.014690382081686429,1.0
0.85,u_pidx,0.07260796541362824,0.014690382081686429,1.0
0.85,u_pidx,0.07260796541362824,0.014690382081686429,1.0
0.85,u_pidx,0.07260796541362824,0.014690382081686429,1.0
0.85,u_pidx,0.07260796541362824,0.014690382081686429,1.0
0.85,u_pidx,0.07260796541362824,0.014690382081686429,1.0
0.85,u_pidx,0.07260796541362824,0.014690382081686429,1.0
0.85,u_pidx_emp,16.442613218559888,0.8898035118784652,4.176767035518226
0.85,u_pidx_emp,14.434348083131047,0.8898366548703748,3.8662666946914803
0.85,u_pidx_emp,14.209647183735479,0.889634150891558,3.8647236723210363
0.85,u_pidx_emp,13.62850685281415,0.8894430915536133,3.713942607769269
0.85,u_pidx_emp,12.464046842144512,0.8906943546866423,3.71373910761144
0.85,u_pidx_emp,11.773532282805583,0.8898929568868028,3.6837386161204435
0.85,u_pidx_emp,10.049571392177743,0.8906371702227778,3.5128628014520205
0.85,u_pidx_emp,9.12189572532273,0.8909023324743701,3.476655317090744
0.85,u_pidx_emp,8.19552567240289,0.8918587313647685,3.470747190567358
0.85,u_pidx_emp,6.936609936874191,0.8921734818159517,3.413491183574879
0.85,u_pidx_emp,6.188648977400732,0.891928977855834,3.4202242625645036
0.85,u_pidx_emp,4.428643083147145,0.8832528406862442,3.326272102142348
0.85,u_pidx_emp,3.222713577102803,0.8776481715708375,3.5255291315670285
0.85,u_pidx_emp,2.4260589251856,0.8746851891731513,3.4855809890824
0.85,u_pidx_emp,1.8472572207523565,0.8657391499135375,3.5111129211270313
0.85,u_pidx_emp,1.3234972735424928,0.8563469838594849,3.45381576866491
0.85,u_pidx_emp,1.0573723759849876,0.8543801952823066,3.354470555637901
0.85,u_pidx_emp,0.8164646789249519,0.8453770247915637,3.0366826627209593
0.85,u_pidx_emp,0.6014201923574447,0.8425029658919355,2.348532279911891
0.85,u_pidx_emp,0.5573427762824761,0.8371569015045152,2.5716417165747143
0.85,u_pidx_emp,0.4819765047335158,0.8212411559964454,2.7720645198863636
0.85,u_pidx_emp,0.375795270839621,0.8013316015868605,2.4010453662576854
0.85,u_pidx_emp,0.27925041854439203,0.7885243212011417,1.9496129277832672
0.85,u_pidx_emp,0.27063118844293543,0.7815753145586297,1.9331212071805004
0.85,u_pidx_emp,0.21330127061728785,0.7365933794466403,1.740205917874396
0.85,u_pidx_emp,0.18386912924927057,0.6882862867808519,1.6199623956960911
0.85,u_pidx_emp,0.14727238743470678,0.6528145586297761,1.4746761089152391
0.85,u_pidx_emp,0.10000867727991777,0.5361769872639438,1.0
0.85,u_pidx_emp,0.10000867727991777,0.5361769872639438,1.0
0.85,u_pidx_emp,0.10000867727991777,0.5361769872639438,1.0
0.85,u_pidx_emp,0.10000867727991777,0.5361769872639438,1.0
0.85,u_pidx_emp,0.10000867727991777,0.5361769872639438,1.0
0.85,u_pidx_emp,0.10000867727991777,0.5361769872639438,1.0
0.85,u_pidx_emp,0.07260796541362824,0.014690382081686429,1.0
0.85,u_pidx_emp,0.07260796541362824,0.014690382081686429,1.0
0.85,u_pidx_emp,0.07260796541362824,0.014690382081686429,1.0
0.85,u_pidx_emp,0.07260796541362824,0.014690382081686429,1.0
0.85,u_pidx_emp,0.07260796541362824,0.014690382081686429,1.0
0.85,u_pidx_emp,0.07260796541362824,0.014690382081686429,1.0
0.85,u_pidx_emp,0.07260796541362824,0.014690382081686429,1.0
0.85,u_pidx_emp,0.07260796541362824,0.014690382081686429,1.0
0.85,u_pidx_emp_indep,9.125482802252789,0.8143400264041569,1.8736025403491434
0.85,u_pidx_emp_indep,8.256407286704613,0.8143396938539608,1.866454008570762
0.85,u_pidx_emp_indep,8.14927119057748,0.814152826523043,1.8670403642470903
0.85,u_pidx_emp_indep,7.993615300347689,0.8173385268544825,1.864852174853151
0.85,u_pidx_emp_indep,6.507897836779969,0.8251733886478577,1.8266872499931377
0.85,u_pidx_emp_indep,6.16321557710042,0.830080310183527,1.8157760607570266
0.85,u_pidx_emp_indep,5.234186259527941,0.8378449054172844,1.7742373386514598
0.85,u_pidx_emp_indep,4.735850289633411,0.8434136947901227,1.7537089800793253
0.85,u_pidx_emp_indep,4.441558381523092,0.8448160852840567,1.7600815587258447
0.85,u_pidx_emp_indep,4.110974660755256,0.8477208088212286,1.7509376650060378
0.85,u_pidx_emp_indep,3.8840023983271315,0.8511231048304031,1.746616850207235
0.85,u_pidx_emp_indep,2.5994529671565334,0.8380882936719437,1.8470127402283703
0.85,u_pidx_emp_indep,1.2426875744669663,0.8384435884603507,1.888965569917929
0.85,u_pidx_emp_indep,0.7854127034652367,0.851275874392361,1.8301135758673694
0.85,u_pidx_emp_indep,0.5632308728686513,0.8416667508690847,1.8545028838521076
0.85,u_pidx_emp_indep,0.5211144669495967,0.8438950219971453,1.841942731993851
0.85,u_pidx_emp_indep,0.5126625081939807,0.8408029156601683,1.8589190020792157
0.85,u_pidx_emp_indep,0.4848836938964644,0.8352141318883467,1.8896025208264708
0.85,u_pidx_emp_indep,0.4848836938964644,0.8352141318883467,1.8896025208264708
0.85,u_pidx_emp_indep,0.4241964560270938,0.8162253145711531,1.9938548511953773
0.85,u_pidx_emp_indep,0.34871800328463504,0.8046637496934358,2.022042904465854
0.85,u_pidx_emp_indep,0.29218991577673437,0.7971140913127538,1.982630471385046
0.85,u_pidx_emp_indep,0.29218991577673437,0.7971140913127538,1.982630471385046
0.85,u_pidx_emp_indep,0.29218991577673437,0.7971140913127538,1.982630471385046
0.85,u_pidx_emp_indep,0.24969782058769574,0.7674796703447517,1.8865693483750547
0.85,u_pidx_emp_indep,0.24969782058769574,0.7674796703447517,1.8865693483750547
0.85,u_pidx_emp_indep,0.14727238743470678,0.6528145586297761,1.4746761089152391
0.85,u_pidx_emp_indep,0.14727238743470678,0.6528145586297761,1.4746761089152391
0.85,u_pidx_emp_indep,0.10000867727991777,0.5361769872639438,1.0
0.85,u_pidx_emp_indep,0.10000867727991777,0.5361769872639438,1.0
0.85,u_pidx_emp_indep,0.10000867727991777,0.5361769872639438,1.0
0.85,u_pidx_emp_indep,0.10000867727991777,0.5361769872639438,1.0
0.85,u_pidx_emp_indep,0.10000867727991777,0.5361769872639438,1.0
0.85,u_pidx_emp_indep,0.07260796541362824,0.014690382081686429,1.0
0.85,u_pidx_emp_indep,0.07260796541362824,0.014690382081686429,1.0
0.85,u_pidx_emp_indep,0.07260796541362824,0.014690382081686429,1.0
0.85,u_pidx_emp_indep,0.07260796541362824,0.014690382081686429,1.0
0.85,u_pidx_emp_indep,0.07260796541362824,0.014690382081686429,1.0
0.85,u_pidx_emp_indep,0.07260796541362824,0.014690382081686429,1.0
0.85,u_pidx_emp_indep,0.07260796541362824,0.014690382081686429,1.0
0.85,u_pidx_emp_indep,0.07260796541362824,0.014690382081686429,1.0
0.85,dec_single_joint,6.397681713104248,0.6699934601783752,
0.85,dec_single_joint,6.115071773529053,0.6687857508659363,
0.85,dec_single_joint,6.115071773529053,0.6687857508659363,
0.85,dec_single_joint,5.752474308013916,0.6745938062667847,
0.85,dec_single_joint,5.465745449066162,0.6763614416122437,
0.85,dec_single_joint,5.465745449066162,0.6763614416122437,
0.85,dec_single_joint,4.890247821807861,0.6877250671386719,
0.85,dec_single_joint,4.608848571777344,0.6937856674194336,
0.85,dec_single_joint,3.8735077381134033,0.6991984844207764,
0.85,dec_single_joint,3.7187864780426025,0.6999560594558716,
0.85,dec_single_joint,3.4446916580200195,0.702228844165802,
0.85,dec_single_joint,2.685858726501465,0.72050940990448,
0.85,dec_single_joint,2.5089752674102783,0.7261857390403748,
0.85,dec_single_joint,2.3714327812194824,0.7274484038352966,
0.85,dec_single_joint,2.3053362369537354,0.731488823890686,
0.85,dec_single_joint,1.9919835329055786,0.6994181275367737,
0.85,dec_single_joint,0.5449262857437134,0.612362802028656,
0.85,dec_single_joint,0.4239618182182312,0.6045344471931458,
0.85,dec_single_joint,0.2617916762828827,0.6174132823944092,
0.85,dec_single_joint,0.2617916762828827,0.6174132823944092,
0.85,dec_single_joint,0.2617916762828827,0.6174132823944092,
0.85,dec_single_joint,0.2412475198507309,0.6251427531242371,
0.85,dec_single_joint,0.21328872442245483,0.5953007936477661,
0.85,dec_single_joint,0.12935487926006317,0.5435001850128174,
0.85,dec_single_joint,0.10962224751710892,0.5321365594863892,
0.85,dec_single_joint,0.10000868141651154,0.5361769199371338,
0.85,dec_single_joint,0.10000868141651154,0.5361769199371338,
0.85,dec_single_joint,0.10000868141651154,0.5361769199371338,
0.85,dec_single_joint,0.10000868141651154,0.5361769199371338,
0.85,dec_single_joint,0.10000868141651154,0.5361769199371338,
0.85,dec_single_joint,0.10000868141651154,0.5361769199371338,
0.85,dec_single_joint,0.10000868141651154,0.5361769199371338,
0.85,dec_single_joint,0.09824338555335999,0.4940052628517151,
0.85,dec_single_joint,0.07260796427726746,0.014690381474792957,
0.85,dec_single_joint,0.07260796427726746,0.014690381474792957,
0.85,dec_single_joint,0.07260796427726746,0.014690381474792957,
0.85,dec_single_joint,0.07260796427726746,0.014690381474792957,
0.85,dec_single_joint,0.07260796427726746,0.014690381474792957,
0.85,dec_single_joint,0.07260796427726746,0.014690381474792957,
0.85,dec_single_joint,0.07260796427726746,0.014690381474792957,
0.85,dec_single_joint,0.07260796427726746,0.014690381474792957,
0.85,dec_escalate_joint,4.150805950164795,0.819038987159729,
0.85,dec_escalate_joint,4.075085163116455,0.8210099339485168,
0.85,dec_escalate_joint,4.075085163116455,0.8210099339485168,
0.85,dec_escalate_joint,4.075085163116455,0.8210099339485168,
0.85,dec_escalate_joint,3.9849722385406494,0.8161197900772095,
0.85,dec_escalate_joint,3.9174768924713135,0.8160484433174133,
0.85,dec_escalate_joint,3.5329902172088623,0.8158122897148132,
0.85,dec_escalate_joint,3.361191511154175,0.8173085451126099,
0.85,dec_escalate_joint,3.202740430831909,0.8181122541427612,
0.85,dec_escalate_joint,2.74013090133667,0.813703179359436,
0.85,dec_escalate_joint,2.358283758163452,0.8106621503829956,
0.85,dec_escalate_joint,1.9899871349334717,0.8112412691116333,
0.85,dec_escalate_joint,1.5564191341400146,0.8171276450157166,
0.85,dec_escalate_joint,1.0480889081954956,0.8259997963905334,
0.85,dec_escalate_joint,1.0279163122177124,0.8257668018341064,
0.85,dec_escalate_joint,0.9135141372680664,0.8163129091262817,
0.85,dec_escalate_joint,0.8313541412353516,0.8191518783569336,
0.85,dec_escalate_joint,0.7489736676216125,0.799038290977478,
0.85,dec_escalate_joint,0.5024452805519104,0.7859652638435364,
0.85,dec_escalate_joint,0.41133612394332886,0.7817783951759338,
0.85,dec_escalate_joint,0.318049818277359,0.7641480565071106,
0.85,dec_escalate_joint,0.2890078127384186,0.758991539478302,
0.85,dec_escalate_joint,0.2890078127384186,0.758991539478302,
0.85,dec_escalate_joint,0.2771974802017212,0.7481548190116882,
0.85,dec_escalate_joint,0.21597552299499512,0.706384003162384,
0.85,dec_escalate_joint,0.21597552299499512,0.706384003162384,
0.85,dec_escalate_joint,0.21597552299499512,0.706384003162384,
0.85,dec_escalate_joint,0.21597552299499512,0.706384003162384,
0.85,dec_escalate_joint,0.182537242770195,0.5493176579475403,
0.85,dec_escalate_joint,0.15676245093345642,0.45916062593460083,
0.85,dec_escalate_joint,0.15676245093345642,0.45916062593460083,
0.85,dec_escalate_joint,0.15676245093345642,0.45916062593460083,
0.85,dec_escalate_joint,0.15676245093345642,0.45916062593460083,
0.85,dec_escalate_joint,0.15676245093345642,0.45916062593460083,
0.85,dec_escalate_joint,0.15676245093345642,0.45916062593460083,
0.85,dec_escalate_joint,0.15676245093345642,0.45916062593460083,
0.85,dec_escalate_joint,0.15676245093345642,0.45916062593460083,
0.85,dec_escalate_joint,0.15676245093345642,0.45916062593460083,
0.85,dec_escalate_joint,0.15676245093345642,0.45916062593460083,
0.85,dec_escalate_joint,0.15676245093345642,0.45916062593460083,
0.85,dec_escalate_joint,0.15676245093345642,0.45916062593460083,
0.85,dec_mixed_joint,7.052088260650635,0.8142351508140564,
0.85,dec_mixed_joint,6.609536170959473,0.8162484765052795,
0.85,dec_mixed_joint,6.205740928649902,0.8171398043632507,
0.85,dec_mixed_joint,5.528983116149902,0.81818687915802,
0.85,dec_mixed_joint,4.763176441192627,0.8217203617095947,
0.85,dec_mixed_joint,4.653750896453857,0.8216238021850586,
0.85,dec_mixed_joint,4.515675067901611,0.8224388360977173,
0.85,dec_mixed_joint,4.053271770477295,0.824180006980896,
0.85,dec_mixed_joint,3.6854538917541504,0.8305860161781311,
0.85,dec_mixed_joint,3.5974810123443604,0.8358157277107239,
0.85,dec_mixed_joint,3.153827667236328,0.8267052173614502,
0.85,dec_mixed_joint,2.023036479949951,0.8124799728393555,
0.85,dec_mixed_joint,1.2940516471862793,0.8128855228424072,
0.85,dec_mixed_joint,0.9984499216079712,0.8154129385948181,
0.85,dec_mixed_joint,0.9073895215988159,0.8116894364356995,
0.85,dec_mixed_joint,0.8687371611595154,0.8070594072341919,
0.85,dec_mixed_joint,0.6782209873199463,0.8074722290039062,
0.85,dec_mixed_joint,0.5217952728271484,0.7960103154182434,
0.85,dec_mixed_joint,0.4914954602718353,0.7903247475624084,
0.85,dec_mixed_joint,0.3909416198730469,0.785809338092804,
0.85,dec_mixed_joint,0.37148720026016235,0.7766444683074951,
0.85,dec_mixed_joint,0.3225643038749695,0.7592424750328064,
0.85,dec_mixed_joint,0.23753149807453156,0.7276188731193542,
0.85,dec_mixed_joint,0.19982318580150604,0.719490110874176,
0.85,dec_mixed_joint,0.18000276386737823,0.7064995169639587,
0.85,dec_mixed_joint,0.17381323873996735,0.7052808403968811,
0.85,dec_mixed_joint,0.15775181353092194,0.6704673767089844,
0.85,dec_mixed_joint,0.10000868141651154,0.5361769199371338,
0.85,dec_mixed_joint,0.10000868141651154,0.5361769199371338,
0.85,dec_mixed_joint,0.10000868141651154,0.5361769199371338,
0.85,dec_mixed_joint,0.10000868141651154,0.5361769199371338,
0.85,dec_mixed_joint,0.10000868141651154,0.5361769199371338,
0.85,dec_mixed_joint,0.09824338555335999,0.4940052628517151,
0.85,dec_mixed_joint,0.07260796427726746,0.014690381474792957,
0.85,dec_mixed_joint,0.07260796427726746,0.014690381474792957,
0.85,dec_mixed_joint,0.07260796427726746,0.014690381474792957,
0.85,dec_mixed_joint,0.07260796427726746,0.014690381474792957,
0.85,dec_mixed_joint,0.07260796427726746,0.014690381474792957,
0.85,dec_mixed_joint,0.07260796427726746,0.014690381474792957,
0.85,dec_mixed_joint,0.07260796427726746,0.014690381474792957,
0.85,dec_mixed_joint,0.07260796427726746,0.014690381474792957,
0.85,dec_pandora,5.7996053844105635,0.8310935442646344,2.0014492753623188
0.85,dec_pandora,0.5168439361835524,0.8037549391388893,2.100592885375494
0.85,dec_pandora,0.5168439361835524,0.8037549391388893,2.100592885375494
0.85,dec_pandora,0.5168439361835524,0.8037549391388893,2.100592885375494
0.85,dec_pandora,0.5168439361835524,0.8037549391388893,2.100592885375494
0.85,dec_pandora,0.5168439361835524,0.8037549391388893,2.100592885375494
0.85,dec_pandora,0.5168439361835524,0.8037549391388893,2.100592885375494
0.85,dec_pandora,0.5168439361835524,0.8037549391388893,2.100592885375494
0.85,dec_pandora,0.5168439361835524,0.8037549391388893,2.100592885375494
0.85,dec_pandora,0.5168439361835524,0.8037549391388893,2.100592885375494
0.85,dec_pandora,0.5168439361835524,0.8037549391388893,2.100592885375494
0.85,dec_pandora,0.5168439361835524,0.8037549391388893,2.100592885375494
0.85,dec_pandora,0.5168439361835524,0.8037549391388893,2.100592885375494
0.85,dec_pandora,0.5168439361835524,0.8037549391388893,2.100592885375494
0.85,dec_pandora,0.5168439361835524,0.8037549391388893,2.100592885375494
0.85,dec_pandora,0.5168439361835524,0.8037549391388893,2.100592885375494
0.85,dec_pandora,0.5168439361835524,0.8037549391388893,2.100592885375494
0.85,dec_pandora,0.5136551595748831,0.8037549391388893,2.099835309617918
0.85,dec_pandora,0.5136551595748831,0.8037549391388893,2.099835309617918
0.85,dec_pandora,0.49892519185588263,0.8037549391388893,2.0952898550724637
0.85,dec_pandora,0.4741105763642277,0.8030303016304969,2.0828722002635045
0.85,dec_pandora,0.42963708526079386,0.8011857698361079,2.0566864295125167
0.85,dec_pandora,0.2860172820030264,0.7789855057994525,1.9681982872200265
0.85,dec_pandora,0.2860172820030264,0.7789855057994525,1.9681982872200265
0.85,dec_pandora,0.2860172820030264,0.7789855057994525,1.9681982872200265
0.85,dec_pandora,0.24823560497112454,0.7526185760895411,1.8815217391304346
0.85,dec_pandora,0.24823560497112454,0.7526185760895411,1.8815217391304346
0.85,dec_pandora,0.1473122904800512,0.6409420254329841,1.475658761528327
0.85,dec_pandora,0.1473122904800512,0.6409420254329841,1.475658761528327
0.85,dec_pandora,0.10008222892376126,0.5352108038961887,1.0
0.85,dec_pandora,0.10008222892376126,0.5352108038961887,1.0
0.85,dec_pandora,0.10008222892376126,0.5352108038961887,1.0
0.85,dec_pandora,0.10008222892376126,0.5352108038961887,1.0
0.85,dec_pandora,0.10008222892376126,0.5352108038961887,1.0
0.85,dec_pandora,0.10008222892376126,0.5352108038961887,1.0
0.85,dec_pandora,0.10008222892376126,0.5352108038961887,1.0
0.85,dec_pandora,0.10008222892376126,0.5352108038961887,1.0
0.85,dec_pandora,0.10008222892376126,0.5352108038961887,1.0
0.85,dec_pandora,0.10008222892376126,0.5352108038961887,1.0
0.85,dec_pandora,0.10008222892376126,0.5352108038961887,1.0
0.85,dec_pandora,0.10008222892376126,0.5352108038961887,1.0
0.85,dec_revcat,5.964586598214747,0.8330039545893669,2.0623517786561267
0.85,dec_revcat,0.6488385082909048,0.8091403176387151,2.170586297760211
0.85,dec_revcat,0.6488385082909048,0.8091403176387151,2.170586297760211
0.85,dec_revcat,0.6488385082909048,0.8091403176387151,2.170586297760211
0.85,dec_revcat,0.6488385082909048,0.8091403176387151,2.170586297760211
0.85,dec_revcat,0.6488385082909048,0.8091403176387151,2.170586297760211
0.85,dec_revcat,0.6470889013636689,0.8091403176387151,2.170207509881423
0.85,dec_revcat,0.6440301338643233,0.8091403176387151,2.169449934123847
0.85,dec_revcat,0.6426841257008132,0.8091403176387151,2.1690711462450594
0.85,dec_revcat,0.6338047882635883,0.8087615296244621,2.1679347826086954
0.85,dec_revcat,0.6250253626606175,0.8087615296244621,2.166419631093544
0.85,dec_revcat,0.6134526560515563,0.8087615296244621,2.164146903820817
0.85,dec_revcat,0.5914089334456862,0.8087615296244621,2.1596343873517787
0.85,dec_revcat,0.5625879072053518,0.8087615296244621,2.1520586297760214
0.85,dec_revcat,0.5392013614551239,0.8087615296244621,2.146376811594203
0.85,dec_revcat,0.5015229740053075,0.8087615296244621,2.13848814229249
0.85,dec_revcat,0.4860745722947001,0.8087615296244621,2.129792490118577
0.85,dec_revcat,0.45697948099893165,0.8068675895531973,2.1158596837944668
0.85,dec_revcat,0.41396219897794395,0.8023880119125049,2.0929183135704874
0.85,dec_revcat,0.34360540784933463,0.7978754962484041,2.0416337285902504
0.85,dec_revcat,0.30003515904933725,0.7885375509659449,2.005138339920949
0.85,dec_revcat,0.28583946301576063,0.7885210822025935,1.9772891963109356
0.85,dec_revcat,0.28077821546609666,0.7851119900743166,1.962532938076417
0.85,dec_revcat,0.2610261925340941,0.7677700926860174,1.91501976284585
0.85,dec_revcat,0.24808106264927735,0.7561264798045159,1.8822793148880108
0.85,dec_revcat,0.2247810311274964,0.7292490099867185,1.7880928853754938
0.85,dec_revcat,0.14914704917326368,0.6470026301840941,1.4866765480895914
0.85,dec_revcat,0.14741675726098794,0.645487479120493,1.4794795783926216
0.85,dec_revcat,0.1352841405078342,0.6197299025952816,1.3544795783926218
0.85,dec_revcat,0.10008222892376126,0.5352108038961887,1.0
0.85,dec_revcat,0.10008222892376126,0.5352108038961887,1.0
0.85,dec_revcat,0.10008222892376126,0.5352108038961887,1.0
0.85,dec_revcat,0.10008222892376126,0.5352108038961887,1.0
0.85,dec_revcat,0.10008222892376126,0.5352108038961887,1.0
0.85,dec_revcat,0.10008222892376126,0.5352108038961887,1.0
0.85,dec_revcat,0.10008222892376126,0.5352108038961887,1.0
0.85,dec_revcat,0.10008222892376126,0.5352108038961887,1.0
0.85,dec_revcat,0.10008222892376126,0.5352108038961887,1.0
0.85,dec_revcat,0.10008222892376126,0.5352108038961887,1.0
0.85,dec_revcat,0.10008222892376126,0.5352108038961887,1.0
0.85,dec_revcat,0.10008222892376126,0.5352108038961887,1.0
0.8,single_points,9.276904106140137,0.6886034607887268,
0.8,single_points,3.808478832244873,0.5986934900283813,
0.8,single_points,21.59095001220703,0.6914580464363098,
0.8,single_points,6.0883708000183105,0.6564229726791382,
0.8,single_points,13.404322624206543,0.6935550570487976,
0.8,single_points,0.8387231826782227,0.0027777778450399637,
0.8,single_points,5.265920639038086,0.27921608090400696,
0.8,single_points,4.892588138580322,0.3935880661010742,
0.8,single_points,18.29735565185547,0.5377799272537231,
0.8,single_points,2.3366405963897705,0.31549185514450073,
0.8,single_points,8.596776008605957,0.4395805299282074,
0.8,single_points,4.153711795806885,0.5145367383956909,
0.8,single_points,2.316466808319092,0.40743303298950195,
0.8,single_points,12.737649917602539,0.5796332955360413,
0.8,single_points,3.352701425552368,0.4817962646484375,
0.8,single_points,7.791232109069824,0.5663592219352722,
0.8,single_points,6.111572265625,0.727733850479126,
0.8,single_points,1.6865484714508057,0.5685990452766418,
0.8,single_points,12.029446601867676,0.7284585237503052,
0.8,single_points,3.3321430683135986,0.6849362850189209,
0.8,single_points,9.2087984085083,0.7337615489959717,
0.8,single_points,5.487627029418945,0.29704657196998596,
0.8,single_points,7.463020324707031,0.4699055552482605,
0.8,single_points,2.188255548477173,0.30159199237823486,
0.8,single_points,25.989742279052734,0.5211242437362671,
0.8,single_points,4.097256660461426,0.3938845098018646,
0.8,single_points,11.88031005859375,0.4938405454158783,
0.8,single_points,0.10000867396593094,0.5361769199371338,
0.8,single_points,4.281822204589844,0.08238910883665085,
0.8,single_points,0.24124747514724731,0.6251427531242371,
0.8,single_points,1.844233751296997,0.09824330359697342,
0.8,single_points,2.1572413444519043,0.11744620651006699,
0.8,single_points,3.4796910285949707,0.36880767345428467,
0.8,single_points,7.431429386138916,0.288614422082901,
0.8,single_points,4.4770331382751465,0.4643060564994812,
0.8,single_points,2.18442702293396,0.6531510949134827,
0.8,single_points,1.8237465620040894,0.5375823378562927,
0.8,single_points,2.0017824172973633,0.6568511128425598,
0.8,single_points,2.3560266494750977,0.7350351810455322,
0.8,single_points,1.9699456691741943,0.6974198818206787,
0.8,single_points,1.4774951934814453,0.052481334656476974,
0.8,single_points,7.537323474884033,0.17801931500434875,
0.8,single_points,2.8305375576019287,0.35637903213500977,
0.8,single_points,3.9133880138397217,0.4228041470050812,
0.8,single_points,0.4842551350593567,0.6335747838020325,
0.8,single_points,4.001148700714111,0.6822024583816528,
0.8,single_points,2.086649179458618,0.2477162927389145,
0.8,single_points,4.971733093261719,0.5287110209465027,
0.8,single_points,4.812073707580566,0.6424132585525513,
0.8,single_points,1.217673659324646,0.27008122205734253,
0.8,single_points,2.5338034629821777,0.5055775046348572,
0.8,single_points,6.90861701965332,0.6904699206352234,
0.8,single_points,0.7814671993255615,0.44251206517219543,
0.8,single_points,0.07260796427726746,0.014690382406115532,
0.8,single_points,3.132617473602295,0.6773825287818909,
0.8,single_points,0.21662096679210663,0.11368027329444885,
0.8,single_points,1.5486983060836792,0.5593434572219849,
0.8,single_points,3.4720561504364014,0.6982322931289673,
0.8,single_points,1.0710885524749756,0.45546773076057434,
0.8,single_points,8.386049270629883,0.7322134375572205,
0.8,single_points,1.8642641305923462,0.6063021421432495,
0.8,single_points,4.714482307434082,0.6944004893302917,
0.8,single_points,1.1341863870620728,0.5339152216911316,
0.8,single_points,0.42905953526496887,0.23626483976840973,
0.8,single_points,4.969249248504639,0.6919630765914917,
0.8,single_points,0.5840455293655396,0.34259989857673645,
0.8,single_points,2.1389853954315186,0.5955314040184021,
0.8,single_points,3.9015398025512695,0.7278107404708862,
0.8,single_points,1.6082100868225098,0.677931547164917,
0.8,single_points,7.45270299911499,0.725472092628479,
0.8,single_points,3.0884907245635986,0.7230895757675171,
0.8,single_points,4.430572032928467,0.7449933290481567,
0.8,single_points,2.416532278060913,0.5332125425338745,
0.8,single_points,4.399432182312012,0.6557641625404358,
0.8,single_points,1.0485512018203735,0.4047321379184723,
0.8,single_points,3.4320244789123535,0.6836845874786377,
0.8,single_points,5.508119583129883,0.6702898740768433,
0.8,single_points,6.639136791229248,0.13227932155132294,
0.8,single_points,3.1732895374298096,0.23271846771240234,
0.8,single_points,2.819286346435547,0.29676109552383423,
0.8,single_points,4.666293144226074,0.6838164925575256,
0.8,single_points,1.9705265760421753,0.20272286236286163,
0.8,single_points,0.706757128238678,0.0012626262614503503,
0.8,single_points,5.608649730682373,0.2044246792793274,
0.8,single_points,2.4037208557128906,0.5280961394309998,
0.8,single_points,3.6902341842651367,0.5457948446273804,
0.8,single_points,4.241115093231201,0.026844529435038567,
0.8,single_points,2.1259822845458984,0.17052043974399567,
0.8,single_points,3.722062826156616,0.5764053463935852,
0.8,u_single,5.17481608646425,0.7048418972332017,1.0
0.8,u_single,5.17481608646425,0.7048418972332017,1.0
0.8,u_single,5.17481608646425,0.7048418972332017,1.0
0.8,u_single,5.17481608646425,0.7048418972332017,1.0
0.8,u_single,5.17481608646425,0.7048418972332017,1.0
0.8,u_single,5.17481608646425,0.7048418972332017,1.0
0.8,u_single,5.17481608646425,0.7048418972332017,1.0
0.8,u_single,4.730434422869666,0.7159530083443129,1.0
0.8,u_single,4.535336917335128,0.7212560386473431,1.0
0.8,u_single,4.535336917335128,0.7212560386473431,1.0
0.8,u_single,4.166641273790931,0.7298418972332017,1.0
0.8,u_single,3.8775736793699007,0.7174681598594643,1.0
0.8,u_single,3.7140517607305106,0.716205533596838,1.0
0.8,u_single,3.216906563724323,0.7157004830917874,1.0
0.8,u_single,2.3367033273812754,0.6979468599033817,1.0
0.8,u_single,1.7096095347588043,0.6549956082564778,1.0
0.8,u_single,0.5648924725277447,0.5967061923583664,1.0
0.8,u_single,0.2753165266915443,0.6148880105401846,1.0
0.8,u_single,0.2617916689937804,0.6174132630654371,1.0
0.8,u_single,0.24124751693119617,0.625142731664471,1.0
0.8,u_single,0.24124751693119617,0.625142731664471,1.0
0.8,u_single,0.24124751693119617,0.625142731664471,1.0
0.8,u_single,0.24124751693119617,0.625142731664471,1.0
0.8,u_single,0.1387119491397271,0.536352657004831,1.0
0.8,u_single,0.10000867727991777,0.5361769872639438,1.0
0.8,u_single,0.10000867727991777,0.5361769872639438,1.0
0.8,u_single,0.10000867727991777,0.5361769872639438,1.0
0.8,u_single,0.10000867727991777,0.5361769872639438,1.0
0.8,u_single,0.10000867727991777,0.5361769872639438,1.0
0.8,u_single,0.10000867727991777,0.5361769872639438,1.0
0.8,u_single,0.10000867727991777,0.5361769872639438,1.0
0.8,u_single,0.10000867727991777,0.5361769872639438,1.0
0.8,u_single,0.09039501864160422,0.3225406236275801,1.0
0.8,u_single,0.07260796541362824,0.014690382081686429,1.0
0.8,u_single,0.07260796541362824,0.014690382081686429,1.0
0.8,u_single,0.07260796541362824,0.014690382081686429,1.0
0.8,u_single,0.07260796541362824,0.014690382081686429,1.0
0.8,u_single,0.07260796541362824,0.014690382081686429,1.0
0.8,u_single,0.07260796541362824,0.014690382081686429,1.0
0.8,u_single,0.07260796541362824,0.014690382081686429,1.0
0.8,u_single,0.07260796541362824,0.014690382081686429,1.0
0.8,u_dp3,13.295522420595551,0.7817805006587616,2.802807641633729
0.8,u_dp3,10.686261645056565,0.7821359683794467,2.404906455862978
0.8,u_dp3,10.33055056434469,0.78277821695213,2.377936758893281
0.8,u_dp3,10.33055056434469,0.78277821695213,2.377936758893281
0.8,u_dp3,9.870842346444404,0.7787133948177426,2.3853570487483533
0.8,u_dp3,9.34547928855196,0.7772866051822572,2.413239789196311
0.8,u_dp3,7.507560243463275,0.7763165568730787,2.241088274044796
0.8,u_dp3,6.5496760875840545,0.7767592446201143,1.9914071146245063
0.8,u_dp3,5.935436777228855,0.769286517347387,1.8457707509881425
0.8,u_dp3,5.605736938578455,0.7758401405357929,1.784308300395257
0.8,u_dp3,5.018997986964574,0.7724259991216514,1.7381264822134386
0.8,u_dp3,3.8934069978193127,0.7850416337285905,1.6427997364953888
0.8,u_dp3,3.2010833163624226,0.7793206851119895,1.7692187088274045
0.8,u_dp3,2.1994832496987544,0.7750326745718048,1.7024255599472993
0.8,u_dp3,1.5685079746805148,0.7807184892402284,1.6399512516469037
0.8,u_dp3,0.8098774044638761,0.7759969257795346,1.635806324110672
0.8,u_dp3,0.7021633609004473,0.781375054896794,1.6300474308300392
0.8,u_dp3,0.5695952591929581,0.7744736056214317,1.6387747035573121
0.8,u_dp3,0.4003382307189645,0.7620472551602986,1.6487694334650855
0.8,u_dp3,0.378786268354048,0.7500391743522179,1.654042160737813
0.8,u_dp3,0.303722690371848,0.727730873956961,1.707255599472991
0.8,u_dp3,0.24664751096826815,0.717224945103206,1.716129117259552
0.8,u_dp3,0.21591421978538194,0.7106394378568291,1.73737022397892
0.8,u_dp3,0.21162388780601502,0.7118313570487483,1.7364308300395264
0.8,u_dp3,0.20360384806772214,0.7004027228809838,1.7364308300395264
0.8,u_dp3,0.17561219860434366,0.6805151515151516,1.7364308300395264
0.8,u_dp3,0.10000867727991777,0.5361769872639438,1.0
0.8,u_dp3,0.10000867727991777,0.5361769872639438,1.0
0.8,u_dp3,0.10000867727991777,0.5361769872639438,1.0
0.8,u_dp3,0.10000867727991777,0.5361769872639438,1.0
0.8,u_dp3,0.10000867727991777,0.5361769872639438,1.0
0.8,u_dp3,0.10000867727991777,0.5361769872639438,1.0
0.8,u_dp3,0.09039501864160422,0.3225406236275801,1.0
0.8,u_dp3,0.07260796541362824,0.014690382081686429,1.0
0.8,u_dp3,0.07260796541362824,0.014690382081686429,1.0
0.8,u_dp3,0.07260796541362824,0.014690382081686429,1.0
0.8,u_dp3,0.07260796541362824,0.014690382081686429,1.0
0.8,u_dp3,0.07260796541362824,0.014690382081686429,1.0
0.8,u_dp3,0.07260796541362824,0.014690382081686429,1.0
0.8,u_dp3,0.07260796541362824,0.014690382081686429,1.0
0.8,u_dp3,0.07260796541362824,0.014690382081686429,1.0
0.8,u_dp3_noom,10.103905959605566,0.7434104523495828,1.9923372859025035
0.8,u_dp3_noom,8.335899453828798,0.7415700483091787,1.6103451910408435
0.8,u_dp3_noom,8.335899453828798,0.7415700483091787,1.6103451910408435
0.8,u_dp3_noom,7.954279233784989,0.7446231884057972,1.6067509881422928
0.8,u_dp3_noom,7.733304468940867,0.7434768555116382,1.5971040843214759
0.8,u_dp3_noom,7.554935896092541,0.7441632850241546,1.597084321475626
0.8,u_dp3_noom,6.6831588667932955,0.7489660957400088,1.5873702239789198
0.8,u_dp3_noom,5.993567809071648,0.7537826965305229,1.5822358366271412
0.8,u_dp3_noom,5.33500753058228,0.7618339920948617,1.5781159420289856
0.8,u_dp3_noom,4.695144022363526,0.7708620114185333,1.5712121212121213
0.8,u_dp3_noom,4.079032146841091,0.7821799736495388,1.5547839262187089
0.8,u_dp3_noom,3.805727735769712,0.7794332015810278,1.5562727272727273
0.8,u_dp3_noom,2.8481997385325406,0.7651777777777778,1.6096152832674575
0.8,u_dp3_noom,1.7996597028364725,0.7607350900307424,1.656592885375494
0.8,u_dp3_noom,0.9665442979572882,0.7815564339042599,1.650604743083004
0.8,u_dp3_noom,0.6642228525511537,0.7566855511638121,1.6444835309617918
0.8,u_dp3_noom,0.5436952009836983,0.7514628897672375,1.6430592885375492
0.8,u_dp3_noom,0.42181985853663473,0.7588585858585859,1.6320619235836626
0.8,u_dp3_noom,0.3986467789541578,0.7585757575757576,1.6320619235836626
0.8,u_dp3_noom,0.3935590691560087,0.7603935002195872,1.6320619235836626
0.8,u_dp3_noom,0.35190719578789975,0.737052261747914,1.682163372859025
0.8,u_dp3_noom,0.23429662011489827,0.7108313570487484,1.737218708827405
0.8,u_dp3_noom,0.21099363753082764,0.7029683794466403,1.73737022397892
0.8,u_dp3_noom,0.17853998733464047,0.6809797979797981,1.7364308300395264
0.8,u_dp3_noom,0.17353299378985387,0.6816262626262628,1.7364308300395264
0.8,u_dp3_noom,0.17353299378985387,0.6816262626262628,1.7364308300395264
0.8,u_dp3_noom,0.17353299378985387,0.6816262626262628,1.7364308300395264
0.8,u_dp3_noom,0.10000867727991777,0.5361769872639438,1.0
0.8,u_dp3_noom,0.10000867727991777,0.5361769872639438,1.0
0.8,u_dp3_noom,0.10000867727991777,0.5361769872639438,1.0
0.8,u_dp3_noom,0.10000867727991777,0.5361769872639438,1.0
0.8,u_dp3_noom,0.10000867727991777,0.5361769872639438,1.0
0.8,u_dp3_noom,0.09715752400475038,0.46370223978919634,1.0
0.8,u_dp3_noom,0.07260796541362824,0.014690382081686429,1.0
0.8,u_dp3_noom,0.07260796541362824,0.014690382081686429,1.0
0.8,u_dp3_noom,0.07260796541362824,0.014690382081686429,1.0
0.8,u_dp3_noom,0.07260796541362824,0.014690382081686429,1.0
0.8,u_dp3_noom,0.07260796541362824,0.014690382081686429,1.0
0.8,u_dp3_noom,0.07260796541362824,0.014690382081686429,1.0
0.8,u_dp3_noom,0.07260796541362824,0.014690382081686429,1.0
0.8,u_dp3_noom,0.07260796541362824,0.014690382081686429,1.0
0.8,u_single_emp,5.167924121663558,0.6801493192797541,1.0
0.8,u_single_emp,5.167924121663558,0.6801493192797541,1.0
0.8,u_single_emp,5.167924121663558,0.6801493192797541,1.0
0.8,u_single_emp,5.167924121663558,0.6801493192797541,1.0
0.8,u_single_emp,5.167924121663558,0.6801493192797541,1.0
0.8,u_single_emp,4.720928574494484,0.6823232323232323,1.0
0.8,u_single_emp,4.525831068959946,0.6876262626262626,1.0
0.8,u_single_emp,4.525831068959946,0.6876262626262626,1.0
0.8,u_single_emp,3.9954618137122035,0.6934343434343435,1.0
0.8,u_single_emp,3.6267661701680063,0.7020202020202021,1.0
0.8,u_single_emp,3.2860449635097733,0.6979468599033817,1.0
0.8,u_single_emp,2.675221686208515,0.7181488801054018,1.0
0.8,u_single_emp,2.4036110289849675,0.7272068511198946,1.0
0.8,u_single_emp,2.3560262975145125,0.7350351339481773,1.0
0.8,u_single_emp,2.3560262975145125,0.7350351339481773,1.0
0.8,u_single_emp,2.207414212198597,0.723671497584541,1.0
0.8,u_single_emp,0.6982582975043166,0.6054347826086957,1.0
0.8,u_single_emp,0.2617916689937804,0.6174132630654371,1.0
0.8,u_single_emp,0.2617916689937804,0.6174132630654371,1.0
0.8,u_single_emp,0.24124751693119617,0.625142731664471,1.0
0.8,u_single_emp,0.24124751693119617,0.625142731664471,1.0
0.8,u_single_emp,0.24124751693119617,0.625142731664471,1.0
0.8,u_single_emp,0.24124751693119617,0.625142731664471,1.0
0.8,u_single_emp,0.11878687653180946,0.5306214317083883,1.0
0.8,u_single_emp,0.10000867727991777,0.5361769872639438,1.0
0.8,u_single_emp,0.10000867727991777,0.5361769872639438,1.0
0.8,u_single_emp,0.10000867727991777,0.5361769872639438,1.0
0.8,u_single_emp,0.10000867727991777,0.5361769872639438,1.0
0.8,u_single_emp,0.10000867727991777,0.5361769872639438,1.0
0.8,u_single_emp,0.10000867727991777,0.5361769872639438,1.0
0.8,u_single_emp,0.10000867727991777,0.5361769872639438,1.0
0.8,u_single_emp,0.10000867727991777,0.5361769872639438,1.0
0.8,u_single_emp,0.10000867727991777,0.5361769872639438,1.0
0.8,u_single_emp,0.07260796541362824,0.014690382081686429,1.0
0.8,u_single_emp,0.07260796541362824,0.014690382081686429,1.0
0.8,u_single_emp,0.07260796541362824,0.014690382081686429,1.0
0.8,u_single_emp,0.07260796541362824,0.014690382081686429,1.0
0.8,u_single_emp,0.07260796541362824,0.014690382081686429,1.0
0.8,u_single_emp,0.07260796541362824,0.014690382081686429,1.0
0.8,u_single_emp,0.07260796541362824,0.014690382081686429,1.0
0.8,u_single_emp,0.07260796541362824,0.014690382081686429,1.0
0.8,u_dp3_emp,11.87522458425848,0.8159928853754941,2.82467325428195
0.8,u_dp3_emp,10.22772569730865,0.8159465963987704,2.535304347826087
0.8,u_dp3_emp,9.816673088724988,0.8161380764163373,2.5215691699604745
0.8,u_dp3_emp,9.532667006720583,0.817506543697848,2.5262740447957843
0.8,u_dp3_emp,8.912785681850494,0.8162929292929294,2.5177733860342557
0.8,u_dp3_emp,8.142300882546454,0.8156130873956962,2.5332108036890646
0.8,u_dp3_emp,6.72498176745078,0.8136184453227931,2.404774703557312
0.8,u_dp3_emp,6.040106725396821,0.8117909530083443,2.431570487483531
0.8,u_dp3_emp,4.539487318892431,0.8102040404040406,2.109513833992095
0.8,u_dp3_emp,3.9413286015887166,0.8101414141414142,1.8881501976284587
0.8,u_dp3_emp,3.041883212454467,0.8059817303469479,2.06835046113307
0.8,u_dp3_emp,2.479025647057905,0.8110548967940273,2.1775362318840576
0.8,u_dp3_emp,1.9604124357304373,0.8053478260869564,2.2977180500658765
0.8,u_dp3_emp,1.305606840327783,0.7956227492314449,2.156761528326746
0.8,u_dp3_emp,1.059215169308816,0.7988003513394819,1.792152832674572
0.8,u_dp3_emp,0.9125654380563738,0.7998175669740887,1.6334426877470354
0.8,u_dp3_emp,0.719593468838029,0.7808886253842775,1.6319960474308302
0.8,u_dp3_emp,0.5726927503922666,0.7816059727711903,1.6319960474308302
0.8,u_dp3_emp,0.4911909407213245,0.7712231884057971,1.6402990777338604
0.8,u_dp3_emp,0.39141641762065565,0.7559978041282389,1.6587048748353095
0.8,u_dp3_emp,0.32363640642899905,0.740340008783487,1.711300395256917
0.8,u_dp3_emp,0.295889090071665,0.730913482652613,1.7138155467720684
0.8,u_dp3_emp,0.21367679906506085,0.7115808519982434,1.73737022397892
0.8,u_dp3_emp,0.21162388780601502,0.7118313570487483,1.7364308300395264
0.8,u_dp3_emp,0.20915591724551677,0.7068168642951252,1.7364308300395264
0.8,u_dp3_emp,0.16925751632945285,0.6659367588932807,1.6739802371541503
0.8,u_dp3_emp,0.10000867727991777,0.5361769872639438,1.0
0.8,u_dp3_emp,0.10000867727991777,0.5361769872639438,1.0
0.8,u_dp3_emp,0.10000867727991777,0.5361769872639438,1.0
0.8,u_dp3_emp,0.10000867727991777,0.5361769872639438,1.0
0.8,u_dp3_emp,0.10000867727991777,0.5361769872639438,1.0
0.8,u_dp3_emp,0.10000867727991777,0.5361769872639438,1.0
0.8,u_dp3_emp,0.10000867727991777,0.5361769872639438,1.0
0.8,u_dp3_emp,0.07260796541362824,0.014690382081686429,1.0
0.8,u_dp3_emp,0.07260796541362824,0.014690382081686429,1.0
0.8,u_dp3_emp,0.07260796541362824,0.014690382081686429,1.0
0.8,u_dp3_emp,0.07260796541362824,0.014690382081686429,1.0
0.8,u_dp3_emp,0.07260796541362824,0.014690382081686429,1.0
0.8,u_dp3_emp,0.07260796541362824,0.014690382081686429,1.0
0.8,u_dp3_emp,0.07260796541362824,0.014690382081686429,1.0
0.8,u_dp3_emp,0.07260796541362824,0.014690382081686429,1.0
0.8,u_dp3_raw,11.312871021391231,0.8198191480017567,2.8193899868247696
0.8,u_dp3_raw,10.160691678828593,0.819020377689943,2.609540184453228
0.8,u_dp3_raw,9.779598036748256,0.8176794905577515,2.5762753623188406
0.8,u_dp3_raw,9.186098401639278,0.8175853315766359,2.5863135704874836
0.8,u_dp3_raw,8.47915450956124,0.8174504172156346,2.599906455862978
0.8,u_dp3_raw,7.499164495548073,0.8158931927975407,2.479168642951252
0.8,u_dp3_raw,6.355151651012185,0.8130123847167324,2.4344716732542815
0.8,u_dp3_raw,5.871842272871872,0.8089861220904698,2.4056363636363636
0.8,u_dp3_raw,4.725406173269985,0.8079933245498463,2.2885441370223982
0.8,u_dp3_raw,3.3760239326834975,0.801482740447958,2.147441370223979
0.8,u_dp3_raw,2.702873336891952,0.8102531400966184,2.190400527009223
0.8,u_dp3_raw,2.274997024996439,0.8126695652173913,2.3459459815546775
0.8,u_dp3_raw,1.8380754880715384,0.804318050065876,2.4059156785243743
0.8,u_dp3_raw,1.4133284825180552,0.8000563021519544,2.359126482213439
0.8,u_dp3_raw,1.1418942409211432,0.7978752744839703,2.0204888010540185
0.8,u_dp3_raw,0.8832115643720357,0.7976438296003513,1.6366337285902504
0.8,u_dp3_raw,0.7504641614044424,0.7834280193236716,1.6319960474308302
0.8,u_dp3_raw,0.5726927503922666,0.7816059727711903,1.6319960474308302
0.8,u_dp3_raw,0.49455426993725926,0.7703565217391305,1.6387839262187087
0.8,u_dp3_raw,0.37240639814267207,0.7521836627140974,1.6668866930171276
0.8,u_dp3_raw,0.3102745616207006,0.7393437856829163,1.7097852437417655
0.8,u_dp3_raw,0.2920435502558282,0.7382690382081687,1.7052397891963111
0.8,u_dp3_raw,0.21933026007691142,0.7123390425999123,1.7345270092226612
0.8,u_dp3_raw,0.21162388780601502,0.7118313570487483,1.7364308300395264
0.8,u_dp3_raw,0.21162388780601502,0.7118313570487483,1.7364308300395264
0.8,u_dp3_raw,0.16371439543208555,0.6508476064997806,1.5853517786561264
0.8,u_dp3_raw,0.10000867727991777,0.5361769872639438,1.0
0.8,u_dp3_raw,0.10000867727991777,0.5361769872639438,1.0
0.8,u_dp3_raw,0.10000867727991777,0.5361769872639438,1.0
0.8,u_dp3_raw,0.10000867727991777,0.5361769872639438,1.0
0.8,u_dp3_raw,0.10000867727991777,0.5361769872639438,1.0
0.8,u_dp3_raw,0.10000867727991777,0.5361769872639438,1.0
0.8,u_dp3_raw,0.09652439703429458,0.4571365832235398,1.0
0.8,u_dp3_raw,0.07260796541362824,0.014690382081686429,1.0
0.8,u_dp3_raw,0.07260796541362824,0.014690382081686429,1.0
0.8,u_dp3_raw,0.07260796541362824,0.014690382081686429,1.0
0.8,u_dp3_raw,0.07260796541362824,0.014690382081686429,1.0
0.8,u_dp3_raw,0.07260796541362824,0.014690382081686429,1.0
0.8,u_dp3_raw,0.07260796541362824,0.014690382081686429,1.0
0.8,u_dp3_raw,0.07260796541362824,0.014690382081686429,1.0
0.8,u_dp3_raw,0.07260796541362824,0.014690382081686429,1.0
0.8,u_dp3_emp_indep,8.28895873795864,0.7423754940711463,1.5993069828722004
0.8,u_dp3_emp_indep,8.28895873795864,0.7423754940711463,1.5993069828722004
0.8,u_dp3_emp_indep,7.658168077632608,0.7455638998682479,1.5962345191040843
0.8,u_dp3_emp_indep,7.3462038907342215,0.7479073342116822,1.5915981554677208
0.8,u_dp3_emp_indep,7.3462038907342215,0.7479073342116822,1.5915981554677208
0.8,u_dp3_emp_indep,6.061988592913525,0.7590026350461133,1.5762042160737815
0.8,u_dp3_emp_indep,5.706418933880318,0.7587804128238912,1.578628458498024
0.8,u_dp3_emp_indep,4.788749750305986,0.7799622310057095,1.5564189723320159
0.8,u_dp3_emp_indep,4.211529434181301,0.7959420289855073,1.5438735177865612
0.8,u_dp3_emp_indep,3.885186948938149,0.7995841018884497,1.537729907773386
0.8,u_dp3_emp_indep,3.719938181454616,0.8040048309178744,1.529699604743083
0.8,u_dp3_emp_indep,3.6392791511616425,0.8028836187966623,1.529699604743083
0.8,u_dp3_emp_indep,2.8551570240401936,0.7923746157224419,1.583554677206851
0.8,u_dp3_emp_indep,1.3681739271291657,0.7831093544137022,1.65632674571805
0.8,u_dp3_emp_indep,0.9380588783475068,0.793617039964866,1.6464532279314885
0.8,u_dp3_emp_indep,0.8288551136155203,0.7919604743083004,1.6414532279314886
0.8,u_dp3_emp_indep,0.4739688107286354,0.7546517347386911,1.6343517786561264
0.8,u_dp3_emp_indep,0.39623134046520414,0.7592727272727273,1.6320619235836626
0.8,u_dp3_emp_indep,0.39623134046520414,0.7592727272727273,1.6320619235836626
0.8,u_dp3_emp_indep,0.3935590691560087,0.7603935002195872,1.6320619235836626
0.8,u_dp3_emp_indep,0.34731620227991816,0.7383956960913485,1.685223978919631
0.8,u_dp3_emp_indep,0.22631231303634775,0.707417215634607,1.7419156785243746
0.8,u_dp3_emp_indep,0.21162388780601502,0.7118313570487483,1.7364308300395264
0.8,u_dp3_emp_indep,0.17853998733464047,0.6809797979797981,1.7364308300395264
0.8,u_dp3_emp_indep,0.17353299378985387,0.6816262626262628,1.7364308300395264
0.8,u_dp3_emp_indep,0.17353299378985387,0.6816262626262628,1.7364308300395264
0.8,u_dp3_emp_indep,0.17353299378985387,0.6816262626262628,1.7364308300395264
0.8,u_dp3_emp_indep,0.17353299378985387,0.6816262626262628,1.7364308300395264
0.8,u_dp3_emp_indep,0.10000867727991777,0.5361769872639438,1.0
0.8,u_dp3_emp_indep,0.10000867727991777,0.5361769872639438,1.0
0.8,u_dp3_emp_indep,0.10000867727991777,0.5361769872639438,1.0
0.8,u_dp3_emp_indep,0.10000867727991777,0.5361769872639438,1.0
0.8,u_dp3_emp_indep,0.10000867727991777,0.5361769872639438,1.0
0.8,u_dp3_emp_indep,0.07260796541362824,0.014690382081686429,1.0
0.8,u_dp3_emp_indep,0.07260796541362824,0.014690382081686429,1.0
0.8,u_dp3_emp_indep,0.07260796541362824,0.014690382081686429,1.0
0.8,u_dp3_emp_indep,0.07260796541362824,0.014690382081686429,1.0
0.8,u_dp3_emp_indep,0.07260796541362824,0.014690382081686429,1.0
0.8,u_dp3_emp_indep,0.07260796541362824,0.014690382081686429,1.0
0.8,u_dp3_emp_indep,0.07260796541362824,0.014690382081686429,1.0
0.8,u_dp3_emp_indep,0.07260796541362824,0.014690382081686429,1.0
0.8,u_pidx,15.961092576101912,0.8293826726394379,3.5778854914361005
0.8,u_pidx,15.695950147860295,0.829676126833553,3.575728737812912
0.8,u_pidx,15.525833754305221,0.8297173487922705,3.576942882740448
0.8,u_pidx,15.303005328877116,0.8302152509442249,3.57786459025033
0.8,u_pidx,14.204073578953714,0.8316643885814666,3.562408252964427
0.8,u_pidx,13.783150200157257,0.8314054640316205,3.5643767378129123
0.8,u_pidx,13.11690241764424,0.8344792874835308,3.5449104295125164
0.8,u_pidx,12.38789595699909,0.8349257106719368,3.548166208168644
0.8,u_pidx,11.707562479022892,0.8361038840579711,3.545451847167326
0.8,u_pidx,11.150435644199769,0.838192343610013,3.554658888010541
0.8,u_pidx,9.658984915750546,0.8375558506807204,3.48606660342556
0.8,u_pidx,8.10844587964869,0.8377795646903821,3.420638440052701
0.8,u_pidx,5.198940931042953,0.8333837540623626,3.258364806324111
0.8,u_pidx,3.4957779152076958,0.8339619176108916,3.4740468722002635
0.8,u_pidx,2.027138877415204,0.8257258912604305,3.4012286271409753
0.8,u_pidx,1.3539467268345988,0.8184565747913922,3.4279103241106728
0.8,u_pidx,0.9866135525468785,0.8175129795344752,3.190967915678525
0.8,u_pidx,0.7508819240894408,0.8114673918313571,2.8115845691699604
0.8,u_pidx,0.5599754825427857,0.8069490445322794,2.334481971014493
0.8,u_pidx,0.46914317023742524,0.7986513574000877,2.1684147246376813
0.8,u_pidx,0.42708114947119413,0.7800373459815546,2.5336655810276683
0.8,u_pidx,0.3400490238864647,0.7644276384716733,2.195954677206851
0.8,u_pidx,0.2602098845867226,0.7440670531400966,1.9004618181818183
0.8,u_pidx,0.24545570607348058,0.737527536231884,1.8728050065876154
0.8,u_pidx,0.21162388780601502,0.7118313570487483,1.7364308300395264
0.8,u_pidx,0.1645830630255756,0.6520122968818621,1.544590250329381
0.8,u_pidx,0.14770664016921098,0.6364382960035134,1.4782938076416339
0.8,u_pidx,0.10000867727991777,0.5361769872639438,1.0
0.8,u_pidx,0.10000867727991777,0.5361769872639438,1.0
0.8,u_pidx,0.10000867727991777,0.5361769872639438,1.0
0.8,u_pidx,0.10000867727991777,0.5361769872639438,1.0
0.8,u_pidx,0.10000867727991777,0.5361769872639438,1.0
0.8,u_pidx,0.09039501864160422,0.3225406236275801,1.0
0.8,u_pidx,0.07260796541362824,0.014690382081686429,1.0
0.8,u_pidx,0.07260796541362824,0.014690382081686429,1.0
0.8,u_pidx,0.07260796541362824,0.014690382081686429,1.0
0.8,u_pidx,0.07260796541362824,0.014690382081686429,1.0
0.8,u_pidx,0.07260796541362824,0.014690382081686429,1.0
0.8,u_pidx,0.07260796541362824,0.014690382081686429,1.0
0.8,u_pidx,0.07260796541362824,0.014690382081686429,1.0
0.8,u_pidx,0.07260796541362824,0.014690382081686429,1.0
0.8,u_pidx_emp,17.723655107357178,0.8619371144488363,4.517922677206852
0.8,u_pidx_emp,16.387624842715375,0.8627399364075539,4.3515937707509895
0.8,u_pidx_emp,15.776898776452395,0.8628188240667547,4.238483457180501
0.8,u_pidx_emp,15.478298699713491,0.862729946420729,4.163857106719368
0.8,u_pidx_emp,14.663220684206129,0.8635583458937198,4.130249169960474
0.8,u_pidx_emp,12.956002213081579,0.8665456267018006,3.899912252964427
0.8,u_pidx_emp,12.151043015050096,0.8656834782608696,3.8376232516469035
0.8,u_pidx_emp,10.705511791602067,0.8673661723320159,3.7233563952569164
0.8,u_pidx_emp,9.409734814729408,0.8661485048748354,3.610804584980237
0.8,u_pidx_emp,8.3554798338721,0.8673737598594644,3.5882354993412378
0.8,u_pidx_emp,6.9158660048534655,0.8667820823891084,3.5608498445322794
0.8,u_pidx_emp,6.093392327877092,0.864986543697848,3.577977496706192
0.8,u_pidx_emp,3.9440419939373315,0.8527021610891523,3.3678751409749674
0.8,u_pidx_emp,2.7420562092580893,0.8446804974967062,3.4296021396574448
0.8,u_pidx_emp,2.0809934162418875,0.8392196700922266,3.54815315942029
0.8,u_pidx_emp,1.4107789668177848,0.8230265661835751,3.4920356996047435
0.8,u_pidx_emp,1.0797401240567337,0.8202493610891525,3.3650119947299086
0.8,u_pidx_emp,0.8663930794042184,0.8130937816425122,3.1390754361001325
0.8,u_pidx_emp,0.7104177864236288,0.8077491906895038,2.8329100289855074
0.8,u_pidx_emp,0.5334457727411759,0.8066846742204654,2.2524721897233206
0.8,u_pidx_emp,0.4800086447721423,0.7910678738691261,2.731521233201581
0.8,u_pidx_emp,0.39416137761302844,0.7691649068072024,2.5850632621870884
0.8,u_pidx_emp,0.27209021086288226,0.7543264470794906,1.9284739393939396
0.8,u_pidx_emp,0.2548107983297966,0.7419384453227932,1.8938486429512518
0.8,u_pidx_emp,0.21162388780601502,0.7118313570487483,1.7364308300395264
0.8,u_pidx_emp,0.1561657358205922,0.6421607378129118,1.5102911725955204
0.8,u_pidx_emp,0.14770664016921098,0.6364382960035134,1.4782938076416339
0.8,u_pidx_emp,0.10000867727991777,0.5361769872639438,1.0
0.8,u_pidx_emp,0.10000867727991777,0.5361769872639438,1.0
0.8,u_pidx_emp,0.10000867727991777,0.5361769872639438,1.0
0.8,u_pidx_emp,0.10000867727991777,0.5361769872639438,1.0
0.8,u_pidx_emp,0.10000867727991777,0.5361769872639438,1.0
0.8,u_pidx_emp,0.10000867727991777,0.5361769872639438,1.0
0.8,u_pidx_emp,0.07260796541362824,0.014690382081686429,1.0
0.8,u_pidx_emp,0.07260796541362824,0.014690382081686429,1.0
0.8,u_pidx_emp,0.07260796541362824,0.014690382081686429,1.0
0.8,u_pidx_emp,0.07260796541362824,0.014690382081686429,1.0
0.8,u_pidx_emp,0.07260796541362824,0.014690382081686429,1.0
0.8,u_pidx_emp,0.07260796541362824,0.014690382081686429,1.0
0.8,u_pidx_emp,0.07260796541362824,0.014690382081686429,1.0
0.8,u_pidx_emp,0.07260796541362824,0.014690382081686429,1.0
0.8,u_pidx_emp_indep,9.058088230789286,0.7941899390425999,1.8459559947299078
0.8,u_pidx_emp_indep,8.446034784795355,0.7940405480895917,1.8430600368906453
0.8,u_pidx_emp_indep,8.12255017229791,0.7950369215634606,1.8388591725955201
0.8,u_pidx_emp_indep,8.02032555799407,0.7954917740887131,1.8387054756258232
0.8,u_pidx_emp_indep,7.250478505697129,0.799810755906895,1.8282237786561264
0.8,u_pidx_emp_indep,6.375141289179081,0.8073004402283707,1.8041896916996047
0.8,u_pidx_emp_indep,5.9126463214551395,0.810730852173913,1.7984756469038208
0.8,u_pidx_emp_indep,5.014640728279092,0.8225427759332454,1.7563646903820818
0.8,u_pidx_emp_indep,4.492862240225441,0.8276437530083443,1.742854208168643
0.8,u_pidx_emp_indep,4.281288877921104,0.8285693231444883,1.7424884743083002
0.8,u_pidx_emp_indep,4.064897420208636,0.8295902903820817,1.744080516469038
0.8,u_pidx_emp_indep,3.7804737388202128,0.8326398355731224,1.7401025032938076
0.8,u_pidx_emp_indep,2.2310457019369703,0.8104372771190163,1.8518390303030303
0.8,u_pidx_emp_indep,1.1160263720375763,0.8081110808959159,1.870141459815547
0.8,u_pidx_emp_indep,0.6278179856896402,0.8106449862099254,1.8487750830039529
0.8,u_pidx_emp_indep,0.5442567186173114,0.8091047174352219,1.8514235467720688
0.8,u_pidx_emp_indep,0.5127945568286896,0.8104143648660519,1.8465123689064562
0.8,u_pidx_emp_indep,0.49560122587415295,0.8053954663153272,1.8653332384716734
0.8,u_pidx_emp_indep,0.4739655337328598,0.8023665292929294,1.8766917523056654
0.8,u_pidx_emp_indep,0.4564084530717064,0.7975902587615286,1.8871151620553364
0.8,u_pidx_emp_indep,0.31365504870100025,0.7614062411945542,1.9701981238471675
0.8,u_pidx_emp_indep,0.28295430636658386,0.7607100795783927,1.9568405480895914
0.8,u_pidx_emp_indep,0.28295430636658386,0.7607100795783927,1.9568405480895914
0.8,u_pidx_emp_indep,0.25799787660818924,0.7446252577953448,1.898716089591568
0.8,u_pidx_emp_indep,0.24545570607348058,0.737527536231884,1.8728050065876154
0.8,u_pidx_emp_indep,0.21162388780601502,0.7118313570487483,1.7364308300395264
0.8,u_pidx_emp_indep,0.14770664016921098,0.6364382960035134,1.4782938076416339
0.8,u_pidx_emp_indep,0.14770664016921098,0.6364382960035134,1.4782938076416339
0.8,u_pidx_emp_indep,0.10000867727991777,0.5361769872639438,1.0
0.8,u_pidx_emp_indep,0.10000867727991777,0.5361769872639438,1.0
0.8,u_pidx_emp_indep,0.10000867727991777,0.5361769872639438,1.0
0.8,u_pidx_emp_indep,0.10000867727991777,0.5361769872639438,1.0
0.8,u_pidx_emp_indep,0.10000867727991777,0.5361769872639438,1.0
0.8,u_pidx_emp_indep,0.07260796541362824,0.014690382081686429,1.0
0.8,u_pidx_emp_indep,0.07260796541362824,0.014690382081686429,1.0
0.8,u_pidx_emp_indep,0.07260796541362824,0.014690382081686429,1.0
0.8,u_pidx_emp_indep,0.07260796541362824,0.014690382081686429,1.0
0.8,u_pidx_emp_indep,0.07260796541362824,0.014690382081686429,1.0
0.8,u_pidx_emp_indep,0.07260796541362824,0.014690382081686429,1.0
0.8,u_pidx_emp_indep,0.07260796541362824,0.014690382081686429,1.0
0.8,u_pidx_emp_indep,0.07260796541362824,0.014690382081686429,1.0
0.8,dec_single_joint,6.397681713104248,0.6699934601783752,
0.8,dec_single_joint,6.115071773529053,0.6687857508659363,
0.8,dec_single_joint,6.115071773529053,0.6687857508659363,
0.8,dec_single_joint,5.752474308013916,0.6745938062667847,
0.8,dec_single_joint,5.465745449066162,0.6763614416122437,
0.8,dec_single_joint,5.465745449066162,0.6763614416122437,
0.8,dec_single_joint,4.890247821807861,0.6877250671386719,
0.8,dec_single_joint,4.608848571777344,0.6937856674194336,
0.8,dec_single_joint,3.8735077381134033,0.6991984844207764,
0.8,dec_single_joint,3.7187864780426025,0.6999560594558716,
0.8,dec_single_joint,3.4446916580200195,0.702228844165802,
0.8,dec_single_joint,2.685858726501465,0.72050940990448,
0.8,dec_single_joint,2.5089752674102783,0.7261857390403748,
0.8,dec_single_joint,2.3714327812194824,0.7274484038352966,
0.8,dec_single_joint,2.3053362369537354,0.731488823890686,
0.8,dec_single_joint,1.9919835329055786,0.6994181275367737,
0.8,dec_single_joint,0.5449262857437134,0.612362802028656,
0.8,dec_single_joint,0.4239618182182312,0.6045344471931458,
0.8,dec_single_joint,0.2617916762828827,0.6174132823944092,
0.8,dec_single_joint,0.2617916762828827,0.6174132823944092,
0.8,dec_single_joint,0.2617916762828827,0.6174132823944092,
0.8,dec_single_joint,0.2412475198507309,0.6251427531242371,
0.8,dec_single_joint,0.21328872442245483,0.5953007936477661,
0.8,dec_single_joint,0.12935487926006317,0.5435001850128174,
0.8,dec_single_joint,0.10962224751710892,0.5321365594863892,
0.8,dec_single_joint,0.10000868141651154,0.5361769199371338,
0.8,dec_single_joint,0.10000868141651154,0.5361769199371338,
0.8,dec_single_joint,0.10000868141651154,0.5361769199371338,
0.8,dec_single_joint,0.10000868141651154,0.5361769199371338,
0.8,dec_single_joint,0.10000868141651154,0.5361769199371338,
0.8,dec_single_joint,0.10000868141651154,0.5361769199371338,
0.8,dec_single_joint,0.10000868141651154,0.5361769199371338,
0.8,dec_single_joint,0.09824338555335999,0.4940052628517151,
0.8,dec_single_joint,0.07260796427726746,0.014690381474792957,
0.8,dec_single_joint,0.07260796427726746,0.014690381474792957,
0.8,dec_single_joint,0.07260796427726746,0.014690381474792957,
0.8,dec_single_joint,0.07260796427726746,0.014690381474792957,
0.8,dec_single_joint,0.07260796427726746,0.014690381474792957,
0.8,dec_single_joint,0.07260796427726746,0.014690381474792957,
0.8,dec_single_joint,0.07260796427726746,0.014690381474792957,
0.8,dec_single_joint,0.07260796427726746,0.014690381474792957,
0.8,dec_escalate_joint,4.663848400115967,0.8049692511558533,
0.8,dec_escalate_joint,4.663848400115967,0.8049692511558533,
0.8,dec_escalate_joint,4.663848400115967,0.8049692511558533,
0.8,dec_escalate_joint,4.612980365753174,0.8046157360076904,
0.8,dec_escalate_joint,4.612980365753174,0.8046157360076904,
0.8,dec_escalate_joint,4.480251789093018,0.8066965341567993,
0.8,dec_escalate_joint,4.480251789093018,0.8066965341567993,
0.8,dec_escalate_joint,4.400454044342041,0.8048884272575378,
0.8,dec_escalate_joint,4.095410346984863,0.802014946937561,
0.8,dec_escalate_joint,3.634348154067993,0.7976714968681335,
0.8,dec_escalate_joint,3.0095443725585938,0.7935389876365662,
0.8,dec_escalate_joint,1.9239344596862793,0.7871229648590088,
0.8,dec_escalate_joint,1.7719509601593018,0.7887593507766724,
0.8,dec_escalate_joint,1.2216373682022095,0.7993518114089966,
0.8,dec_escalate_joint,1.047448992729187,0.8006908297538757,
0.8,dec_escalate_joint,0.914106547832489,0.7962160706520081,
0.8,dec_escalate_joint,0.8426520228385925,0.7921352386474609,
0.8,dec_escalate_joint,0.7869812846183777,0.7773052453994751,
0.8,dec_escalate_joint,0.5039470195770264,0.7566661834716797,
0.8,dec_escalate_joint,0.41131022572517395,0.7526262402534485,
0.8,dec_escalate_joint,0.29022735357284546,0.7330887317657471,
0.8,dec_escalate_joint,0.29022735357284546,0.7330887317657471,
0.8,dec_escalate_joint,0.29022735357284546,0.7330887317657471,
0.8,dec_escalate_joint,0.21664080023765564,0.6884233355522156,
0.8,dec_escalate_joint,0.21664080023765564,0.6884233355522156,
0.8,dec_escalate_joint,0.21664080023765564,0.6884233355522156,
0.8,dec_escalate_joint,0.21664080023765564,0.6884233355522156,
0.8,dec_escalate_joint,0.21664080023765564,0.6884233355522156,
0.8,dec_escalate_joint,0.16749320924282074,0.4802328050136566,
0.8,dec_escalate_joint,0.15188388526439667,0.43291395902633667,
0.8,dec_escalate_joint,0.15188388526439667,0.43291395902633667,
0.8,dec_escalate_joint,0.15188388526439667,0.43291395902633667,
0.8,dec_escalate_joint,0.15188388526439667,0.43291395902633667,
0.8,dec_escalate_joint,0.15188388526439667,0.43291395902633667,
0.8,dec_escalate_joint,0.15188388526439667,0.43291395902633667,
0.8,dec_escalate_joint,0.15188388526439667,0.43291395902633667,
0.8,dec_escalate_joint,0.15188388526439667,0.43291395902633667,
0.8,dec_escalate_joint,0.15188388526439667,0.43291395902633667,
0.8,dec_escalate_joint,0.15188388526439667,0.43291395902633667,
0.8,dec_escalate_joint,0.15188388526439667,0.43291395902633667,
0.8,dec_escalate_joint,0.15188388526439667,0.43291395902633667,
0.8,dec_mixed_joint,7.15154504776001,0.7959012985229492,
0.8,dec_mixed_joint,6.68921422958374,0.7946478724479675,
0.8,dec_mixed_joint,6.68921422958374,0.7946478724479675,
0.8,dec_mixed_joint,5.984198093414307,0.7963887453079224,
0.8,dec_mixed_joint,4.881758213043213,0.80292147397995,
0.8,dec_mixed_joint,4.771047115325928,0.8028002381324768,
0.8,dec_mixed_joint,4.6186842918396,0.8036487698554993,
0.8,dec_mixed_joint,4.4556756019592285,0.8043602108955383,
0.8,dec_mixed_joint,3.8264617919921875,0.8081682920455933,
0.8,dec_mixed_joint,3.7404415607452393,0.8116733431816101,
0.8,dec_mixed_joint,3.6841366291046143,0.8154308795928955,
0.8,dec_mixed_joint,2.972937822341919,0.7972337007522583,
0.8,dec_mixed_joint,1.5723071098327637,0.7883983254432678,
0.8,dec_mixed_joint,1.101211428642273,0.7892599701881409,
0.8,dec_mixed_joint,0.913575291633606,0.7930579781532288,
0.8,dec_mixed_joint,0.8025795221328735,0.7826842665672302,
0.8,dec_mixed_joint,0.6950000524520874,0.780518651008606,
0.8,dec_mixed_joint,0.524462878704071,0.7713118195533752,
0.8,dec_mixed_joint,0.4545540511608124,0.7674967050552368,
0.8,dec_mixed_joint,0.40116608142852783,0.7622994780540466,
0.8,dec_mixed_joint,0.3812086284160614,0.7522630095481873,
0.8,dec_mixed_joint,0.31269004940986633,0.7292731404304504,
0.8,dec_mixed_joint,0.22107942402362823,0.6974127888679504,
0.8,dec_mixed_joint,0.19647662341594696,0.6944229006767273,
0.8,dec_mixed_joint,0.17943301796913147,0.6827962398529053,
0.8,dec_mixed_joint,0.17353300750255585,0.6816263198852539,
0.8,dec_mixed_joint,0.1255040168762207,0.5854392647743225,
0.8,dec_mixed_joint,0.10000868141651154,0.5361769199371338,
0.8,dec_mixed_joint,0.10000868141651154,0.5361769199371338,
0.8,dec_mixed_joint,0.10000868141651154,0.5361769199371338,
0.8,dec_mixed_joint,0.10000868141651154,0.5361769199371338,
0.8,dec_mixed_joint,0.10000868141651154,0.5361769199371338,
0.8,dec_mixed_joint,0.09824338555335999,0.4940052628517151,
0.8,dec_mixed_joint,0.07260796427726746,0.014690381474792957,
0.8,dec_mixed_joint,0.07260796427726746,0.014690381474792957,
0.8,dec_mixed_joint,0.07260796427726746,0.014690381474792957,
0.8,dec_mixed_joint,0.07260796427726746,0.014690381474792957,
0.8,dec_mixed_joint,0.07260796427726746,0.014690381474792957,
0.8,dec_mixed_joint,0.07260796427726746,0.014690381474792957,
0.8,dec_mixed_joint,0.07260796427726746,0.014690381474792957,
0.8,dec_mixed_joint,0.07260796427726746,0.014690381474792957,
0.8,dec_pandora,5.896850166788904,0.7977108026544253,1.9750494071146245
0.8,dec_pandora,0.46227948266389496,0.765645582973957,2.056044137022398
0.8,dec_pandora,0.46227948266389496,0.765645582973957,2.056044137022398
0.8,dec_pandora,0.46227948266389496,0.765645582973957,2.056044137022398
0.8,dec_pandora,0.46227948266389496,0.765645582973957,2.056044137022398
0.8,dec_pandora,0.46227948266389496,0.765645582973957,2.056044137022398
0.8,dec_pandora,0.46227948266389496,0.765645582973957,2.056044137022398
0.8,dec_pandora,0.46227948266389496,0.765645582973957,2.056044137022398
0.8,dec_pandora,0.46227948266389496,0.765645582973957,2.056044137022398
0.8,dec_pandora,0.46227948266389496,0.765645582973957,2.056044137022398
0.8,dec_pandora,0.46227948266389496,0.765645582973957,2.056044137022398
0.8,dec_pandora,0.46227948266389496,0.765645582973957,2.056044137022398
0.8,dec_pandora,0.46227948266389496,0.765645582973957,2.056044137022398
0.8,dec_pandora,0.46227948266389496,0.765645582973957,2.056044137022398
0.8,dec_pandora,0.46227948266389496,0.765645582973957,2.056044137022398
0.8,dec_pandora,0.46227948266389496,0.765645582973957,2.056044137022398
0.8,dec_pandora,0.46227948266389496,0.765645582973957,2.056044137022398
0.8,dec_pandora,0.4595082584312075,0.765645582973957,2.0553194993412385
0.8,dec_pandora,0.4595082584312075,0.765645582973957,2.0553194993412385
0.8,dec_pandora,0.45774760443093904,0.765645582973957,2.054594861660079
0.8,dec_pandora,0.45180731336138297,0.765645582973957,2.0516963109354416
0.8,dec_pandora,0.42381980426956767,0.763751643896103,2.03866930171278
0.8,dec_pandora,0.28631509992549237,0.7460803657770156,1.9633893280632408
0.8,dec_pandora,0.28631509992549237,0.7460803657770156,1.9633893280632408
0.8,dec_pandora,0.28631509992549237,0.7460803657770156,1.9633893280632408
0.8,dec_pandora,0.24865020302735388,0.7230895896752675,1.8823451910408435
0.8,dec_pandora,0.24865020302735388,0.7230895896752675,1.8823451910408435
0.8,dec_pandora,0.14711798627097628,0.6188076386849085,1.4733201581027668
0.8,dec_pandora,0.14711798627097628,0.6188076386849085,1.4733201581027668
0.8,dec_pandora,0.10008222892376126,0.5352108038961887,1.0
0.8,dec_pandora,0.10008222892376126,0.5352108038961887,1.0
0.8,dec_pandora,0.10008222892376126,0.5352108038961887,1.0
0.8,dec_pandora,0.10008222892376126,0.5352108038961887,1.0
0.8,dec_pandora,0.10008222892376126,0.5352108038961887,1.0
0.8,dec_pandora,0.10008222892376126,0.5352108038961887,1.0
0.8,dec_pandora,0.10008222892376126,0.5352108038961887,1.0
0.8,dec_pandora,0.10008222892376126,0.5352108038961887,1.0
0.8,dec_pandora,0.10008222892376126,0.5352108038961887,1.0
0.8,dec_pandora,0.10008222892376126,0.5352108038961887,1.0
0.8,dec_pandora,0.10008222892376126,0.5352108038961887,1.0
0.8,dec_pandora,0.10008222892376126,0.5352108038961887,1.0
0.8,dec_revcat,5.819299207888887,0.7977108031511306,1.9789690382081686
0.8,dec_revcat,0.5300004923379366,0.7717555994788806,2.1128293807641634
0.8,dec_revcat,0.5300004923379366,0.7717555994788806,2.1128293807641634
0.8,dec_revcat,0.5300004923379366,0.7717555994788806,2.1128293807641634
0.8,dec_revcat,0.5300004923379366,0.7717555994788806,2.1128293807641634
0.8,dec_revcat,0.5300004923379366,0.7717555994788806,2.1128293807641634
0.8,dec_revcat,0.5300004923379366,0.7717555994788806,2.1128293807641634
0.8,dec_revcat,0.5300004923379366,0.7717555994788806,2.1128293807641634
0.8,dec_revcat,0.5283189557212354,0.7717555994788806,2.1124505928853754
0.8,dec_revcat,0.5253728574369475,0.7713768114646276,2.1116930171278
0.8,dec_revcat,0.5139422211177004,0.7713768114646276,2.110935441370224
0.8,dec_revcat,0.5069464599038197,0.7713768114646276,2.1094202898550725
0.8,dec_revcat,0.49926670089269565,0.7713768114646276,2.107905138339921
0.8,dec_revcat,0.48465066383364547,0.7713768114646276,2.104891304347826
0.8,dec_revcat,0.47437754221431105,0.7713768114646276,2.1014986824769433
0.8,dec_revcat,0.44617985700630136,0.7709980234503746,2.09550395256917
0.8,dec_revcat,0.4322854181686575,0.7709980234503746,2.089492753623188
0.8,dec_revcat,0.4190113536404919,0.7706192354361217,2.0823122529644267
0.8,dec_revcat,0.39383807828231454,0.7680006588498751,2.0710638998682476
0.8,dec_revcat,0.34265832874061336,0.7638339921832085,2.035227272727272
0.8,dec_revcat,0.3021531905274598,0.7552206858992576,2.0053030303030304
0.8,dec_revcat,0.288823460712808,0.7555665348966917,1.9789690382081686
0.8,dec_revcat,0.28766736155124295,0.7544301708539327,1.9736824769433463
0.8,dec_revcat,0.26999969474206853,0.7442358354727427,1.9333992094861656
0.8,dec_revcat,0.24861545229314705,0.7306159401933352,1.8877635046113308
0.8,dec_revcat,0.23490949833835567,0.7178853745261828,1.8342226613965742
0.8,dec_revcat,0.1549787647320922,0.6331686387459438,1.5158102766798416
0.8,dec_revcat,0.1482973509980427,0.6301383356253306,1.4885375494071142
0.8,dec_revcat,0.14200227055882692,0.6221837890644868,1.4226284584980238
0.8,dec_revcat,0.10008222892376126,0.5352108038961887,1.0
0.8,dec_revcat,0.10008222892376126,0.5352108038961887,1.0
0.8,dec_revcat,0.10008222892376126,0.5352108038961887,1.0
0.8,dec_revcat,0.10008222892376126,0.5352108038961887,1.0
0.8,dec_revcat,0.10008222892376126,0.5352108038961887,1.0
0.8,dec_revcat,0.10008222892376126,0.5352108038961887,1.0
0.8,dec_revcat,0.10008222892376126,0.5352108038961887,1.0
0.8,dec_revcat,0.10008222892376126,0.5352108038961887,1.0
0.8,dec_revcat,0.10008222892376126,0.5352108038961887,1.0
0.8,dec_revcat,0.10008222892376126,0.5352108038961887,1.0
0.8,dec_revcat,0.10008222892376126,0.5352108038961887,1.0
0.8,dec_revcat,0.10008222892376126,0.5352108038961887,1.0
0.7,single_points,9.276904106140137,0.6886034607887268,
0.7,single_points,3.808478832244873,0.5986934900283813,
0.7,single_points,21.59095001220703,0.6914580464363098,
0.7,single_points,6.0883708000183105,0.6564229726791382,
0.7,single_points,13.404322624206543,0.6935550570487976,
0.7,single_points,0.8387231826782227,0.0027777778450399637,
0.7,single_points,5.265920639038086,0.27921608090400696,
0.7,single_points,4.892588138580322,0.3935880661010742,
0.7,single_points,18.29735565185547,0.5377799272537231,
0.7,single_points,2.3366405963897705,0.31549185514450073,
0.7,single_points,8.596776008605957,0.4395805299282074,
0.7,single_points,4.153711795806885,0.5145367383956909,
0.7,single_points,2.316466808319092,0.40743303298950195,
0.7,single_points,12.737649917602539,0.5796332955360413,
0.7,single_points,3.352701425552368,0.4817962646484375,
0.7,single_points,7.791232109069824,0.5663592219352722,
0.7,single_points,6.111572265625,0.727733850479126,
0.7,single_points,1.6865484714508057,0.5685990452766418,
0.7,single_points,12.029446601867676,0.7284585237503052,
0.7,single_points,3.3321430683135986,0.6849362850189209,
0.7,single_points,9.2087984085083,0.7337615489959717,
0.7,single_points,5.487627029418945,0.29704657196998596,
0.7,single_points,7.463020324707031,0.4699055552482605,
0.7,single_points,2.188255548477173,0.30159199237823486,
0.7,single_points,25.989742279052734,0.5211242437362671,
0.7,single_points,4.097256660461426,0.3938845098018646,
0.7,single_points,11.88031005859375,0.4938405454158783,
0.7,single_points,0.10000867396593094,0.5361769199371338,
0.7,single_points,4.281822204589844,0.08238910883665085,
0.7,single_points,0.24124747514724731,0.6251427531242371,
0.7,single_points,1.844233751296997,0.09824330359697342,
0.7,single_points,2.1572413444519043,0.11744620651006699,
0.7,single_points,3.4796910285949707,0.36880767345428467,
0.7,single_points,7.431429386138916,0.288614422082901,
0.7,single_points,4.4770331382751465,0.4643060564994812,
0.7,single_points,2.18442702293396,0.6531510949134827,
0.7,single_points,1.8237465620040894,0.5375823378562927,
0.7,single_points,2.0017824172973633,0.6568511128425598,
0.7,single_points,2.3560266494750977,0.7350351810455322,
0.7,single_points,1.9699456691741943,0.6974198818206787,
0.7,single_points,1.4774951934814453,0.052481334656476974,
0.7,single_points,7.537323474884033,0.17801931500434875,
0.7,single_points,2.8305375576019287,0.35637903213500977,
0.7,single_points,3.9133880138397217,0.4228041470050812,
0.7,single_points,0.4842551350593567,0.6335747838020325,
0.7,single_points,4.001148700714111,0.6822024583816528,
0.7,single_points,2.086649179458618,0.2477162927389145,
0.7,single_points,4.971733093261719,0.5287110209465027,
0.7,single_points,4.812073707580566,0.6424132585525513,
0.7,single_points,1.217673659324646,0.27008122205734253,
0.7,single_points,2.5338034629821777,0.5055775046348572,
0.7,single_points,6.90861701965332,0.6904699206352234,
0.7,single_points,0.7814671993255615,0.44251206517219543,
0.7,single_points,0.07260796427726746,0.014690382406115532,
0.7,single_points,3.132617473602295,0.6773825287818909,
0.7,single_points,0.21662096679210663,0.11368027329444885,
0.7,single_points,1.5486983060836792,0.5593434572219849,
0.7,single_points,3.4720561504364014,0.6982322931289673,
0.7,single_points,1.0710885524749756,0.45546773076057434,
0.7,single_points,8.386049270629883,0.7322134375572205,
0.7,single_points,1.8642641305923462,0.6063021421432495,
0.7,single_points,4.714482307434082,0.6944004893302917,
0.7,single_points,1.1341863870620728,0.5339152216911316,
0.7,single_points,0.42905953526496887,0.23626483976840973,
0.7,single_points,4.969249248504639,0.6919630765914917,
0.7,single_points,0.5840455293655396,0.34259989857673645,
0.7,single_points,2.1389853954315186,0.5955314040184021,
0.7,single_points,3.9015398025512695,0.7278107404708862,
0.7,single_points,1.6082100868225098,0.677931547164917,
0.7,single_points,7.45270299911499,0.725472092628479,
0.7,single_points,3.0884907245635986,0.7230895757675171,
0.7,single_points,4.430572032928467,0.7449933290481567,
0.7,single_points,2.416532278060913,0.5332125425338745,
0.7,single_points,4.399432182312012,0.6557641625404358,
0.7,single_points,1.0485512018203735,0.4047321379184723,
0.7,single_points,3.4320244789123535,0.6836845874786377,
0.7,single_points,5.508119583129883,0.6702898740768433,
0.7,single_points,6.639136791229248,0.13227932155132294,
0.7,single_points,3.1732895374298096,0.23271846771240234,
0.7,single_points,2.819286346435547,0.29676109552383423,
0.7,single_points,4.666293144226074,0.6838164925575256,
0.7,single_points,1.9705265760421753,0.20272286236286163,
0.7,single_points,0.706757128238678,0.0012626262614503503,
0.7,single_points,5.608649730682373,0.2044246792793274,
0.7,single_points,2.4037208557128906,0.5280961394309998,
0.7,single_points,3.6902341842651367,0.5457948446273804,
0.7,single_points,4.241115093231201,0.026844529435038567,
0.7,single_points,2.1259822845458984,0.17052043974399567,
0.7,single_points,3.722062826156616,0.5764053463935852,
0.7,u_single,5.17481608646425,0.7048418972332017,1.0
0.7,u_single,5.17481608646425,0.7048418972332017,1.0
0.7,u_single,5.17481608646425,0.7048418972332017,1.0
0.7,u_single,5.17481608646425,0.7048418972332017,1.0
0.7,u_single,5.17481608646425,0.7048418972332017,1.0
0.7,u_single,5.17481608646425,0.7048418972332017,1.0
0.7,u_single,5.17481608646425,0.7048418972332017,1.0
0.7,u_single,4.730434422869666,0.7159530083443129,1.0
0.7,u_single,4.535336917335128,0.7212560386473431,1.0
0.7,u_single,4.535336917335128,0.7212560386473431,1.0
0.7,u_single,4.166641273790931,0.7298418972332017,1.0
0.7,u_single,3.8775736793699007,0.7174681598594643,1.0
0.7,u_single,3.7140517607305106,0.716205533596838,1.0
0.7,u_single,3.216906563724323,0.7157004830917874,1.0
0.7,u_single,2.3367033273812754,0.6979468599033817,1.0
0.7,u_single,1.7096095347588043,0.6549956082564778,1.0
0.7,u_single,0.5648924725277447,0.5967061923583664,1.0
0.7,u_single,0.2753165266915443,0.6148880105401846,1.0
0.7,u_single,0.2617916689937804,0.6174132630654371,1.0
0.7,u_single,0.24124751693119617,0.625142731664471,1.0
0.7,u_single,0.24124751693119617,0.625142731664471,1.0
0.7,u_single,0.24124751693119617,0.625142731664471,1.0
0.7,u_single,0.24124751693119617,0.625142731664471,1.0
0.7,u_single,0.1387119491397271,0.536352657004831,1.0
0.7,u_single,0.10000867727991777,0.5361769872639438,1.0
0.7,u_single,0.10000867727991777,0.5361769872639438,1.0
0.7,u_single,0.10000867727991777,0.5361769872639438,1.0
0.7,u_single,0.10000867727991777,0.5361769872639438,1.0
0.7,u_single,0.10000867727991777,0.5361769872639438,1.0
0.7,u_single,0.10000867727991777,0.5361769872639438,1.0
0.7,u_single,0.10000867727991777,0.5361769872639438,1.0
0.7,u_single,0.10000867727991777,0.5361769872639438,1.0
0.7,u_single,0.09039501864160422,0.3225406236275801,1.0
0.7,u_single,0.07260796541362824,0.014690382081686429,1.0
0.7,u_single,0.07260796541362824,0.014690382081686429,1.0
0.7,u_single,0.07260796541362824,0.014690382081686429,1.0
0.7,u_single,0.07260796541362824,0.014690382081686429,1.0
0.7,u_single,0.07260796541362824,0.014690382081686429,1.0
0.7,u_single,0.07260796541362824,0.014690382081686429,1.0
0.7,u_single,0.07260796541362824,0.014690382081686429,1.0
0.7,u_single,0.07260796541362824,0.014690382081686429,1.0
0.7,u_dp3,13.102689012400477,0.7562662384716733,2.7659560825647773
0.7,u_dp3,11.28581541218503,0.7557670619235837,2.4651313131313133
0.7,u_dp3,11.069625003012785,0.7565180171277998,2.461959595959596
0.7,u_dp3,10.61292254111849,0.7563676328502414,2.394906455862978
0.7,u_dp3,9.845494060904889,0.7563282059727712,2.2587909530083445
0.7,u_dp3,8.834375522817064,0.756488812033377,2.1621141853315766
0.7,u_dp3,7.378351944270081,0.7527658322353973,1.9303759332454986
0.7,u_dp3,6.6397035484858575,0.7530414031620551,1.7712481335090031
0.7,u_dp3,6.150534558893581,0.7482406455862977,1.7229148001756698
0.7,u_dp3,5.794413613722606,0.7557050395256917,1.6643289415898115
0.7,u_dp3,5.311521082291429,0.759028107158542,1.6096236275801492
0.7,u_dp3,4.467286323523788,0.757090513833992,1.6209358805445764
0.7,u_dp3,3.8080968493123293,0.7574429622310055,1.6243333333333336
0.7,u_dp3,2.660420725609593,0.7351923364075538,1.667644268774704
0.7,u_dp3,1.513967432139714,0.7235150417215634,1.6748967940272288
0.7,u_dp3,0.8184511992825875,0.725011912604304,1.6708735177865617
0.7,u_dp3,0.735164936422235,0.7270068620992535,1.669237154150198
0.7,u_dp3,0.5488386950293375,0.7256422815107597,1.66658410188845
0.7,u_dp3,0.43175186641986174,0.7236779095300834,1.665361879666228
0.7,u_dp3,0.3912751952256643,0.7021442358366272,1.6715608256477827
0.7,u_dp3,0.32490824257441314,0.6885214536671057,1.6881515151515152
0.7,u_dp3,0.251514912211263,0.6668931818181818,1.7229275362318839
0.7,u_dp3,0.21179547858725475,0.6614513175230566,1.734640755379886
0.7,u_dp3,0.20956404287927752,0.6617588932806324,1.7340548967940275
0.7,u_dp3,0.19295945907070605,0.6428522178304786,1.7340548967940275
0.7,u_dp3,0.10000867727991777,0.5361769872639438,1.0
0.7,u_dp3,0.10000867727991777,0.5361769872639438,1.0
0.7,u_dp3,0.10000867727991777,0.5361769872639438,1.0
0.7,u_dp3,0.10000867727991777,0.5361769872639438,1.0
0.7,u_dp3,0.10000867727991777,0.5361769872639438,1.0
0.7,u_dp3,0.10000867727991777,0.5361769872639438,1.0
0.7,u_dp3,0.10000867727991777,0.5361769872639438,1.0
0.7,u_dp3,0.09039501864160422,0.3225406236275801,1.0
0.7,u_dp3,0.07260796541362824,0.014690382081686429,1.0
0.7,u_dp3,0.07260796541362824,0.014690382081686429,1.0
0.7,u_dp3,0.07260796541362824,0.014690382081686429,1.0
0.7,u_dp3,0.07260796541362824,0.014690382081686429,1.0
0.7,u_dp3,0.07260796541362824,0.014690382081686429,1.0
0.7,u_dp3,0.07260796541362824,0.014690382081686429,1.0
0.7,u_dp3,0.07260796541362824,0.014690382081686429,1.0
0.7,u_dp3,0.07260796541362824,0.014690382081686429,1.0
0.7,u_dp3_noom,9.098250923153971,0.7238320816864297,1.822195871761089
0.7,u_dp3_noom,8.458719176387422,0.721930819060167,1.635281949934124
0.7,u_dp3_noom,8.458719176387422,0.721930819060167,1.635281949934124
0.7,u_dp3_noom,8.451499140948835,0.7219861220904701,1.635281949934124
0.7,u_dp3_noom,7.9417151710132465,0.7244981993851559,1.6331949934123848
0.7,u_dp3_noom,7.9417151710132465,0.7244981993851559,1.6331949934123848
0.7,u_dp3_noom,7.016405308261396,0.7295057751427316,1.626588932806324
0.7,u_dp3_noom,6.2790089007834275,0.7365577624066755,1.6209894598155468
0.7,u_dp3_noom,5.962491937006527,0.7360828831796222,1.6227650417215636
0.7,u_dp3_noom,4.890954638619217,0.746800790513834,1.6152696530522619
0.7,u_dp3_noom,4.253480883251458,0.7617872639437856,1.6017321036451473
0.7,u_dp3_noom,3.957802106465917,0.7648096728151076,1.5980548967940276
0.7,u_dp3_noom,3.717338849718785,0.770539218269653,1.5947518664909972
0.7,u_dp3_noom,2.233788120607622,0.7314499121651294,1.6650228370663158
0.7,u_dp3_noom,1.2665633980439788,0.7275756258234519,1.6825111989459816
0.7,u_dp3_noom,0.7618726905979148,0.7255574220465525,1.6718243302591131
0.7,u_dp3_noom,0.5778641463092974,0.7082928194993413,1.670854633289416
0.7,u_dp3_noom,0.4393073199837459,0.7124272068511199,1.6637000439174359
0.7,u_dp3_noom,0.4072341576636477,0.7143261967501098,1.6637000439174359
0.7,u_dp3_noom,0.4012463383021886,0.7167296881862099,1.6637000439174359
0.7,u_dp3_noom,0.37816261797575434,0.7023518884497145,1.6803513394817744
0.7,u_dp3_noom,0.2502402773043701,0.662465963987703,1.7333781291172599
0.7,u_dp3_noom,0.2093963347352881,0.6540921168203777,1.734640755379886
0.7,u_dp3_noom,0.18080976312889907,0.6341486605182258,1.7340548967940275
0.7,u_dp3_noom,0.17348225106489112,0.6336234079929732,1.7340548967940275
0.7,u_dp3_noom,0.17348225106489112,0.6336234079929732,1.7340548967940275
0.7,u_dp3_noom,0.10000867727991777,0.5361769872639438,1.0
0.7,u_dp3_noom,0.10000867727991777,0.5361769872639438,1.0
0.7,u_dp3_noom,0.10000867727991777,0.5361769872639438,1.0
0.7,u_dp3_noom,0.10000867727991777,0.5361769872639438,1.0
0.7,u_dp3_noom,0.10000867727991777,0.5361769872639438,1.0
0.7,u_dp3_noom,0.10000867727991777,0.5361769872639438,1.0
0.7,u_dp3_noom,0.09715752400475038,0.46370223978919634,1.0
0.7,u_dp3_noom,0.07260796541362824,0.014690382081686429,1.0
0.7,u_dp3_noom,0.07260796541362824,0.014690382081686429,1.0
0.7,u_dp3_noom,0.07260796541362824,0.014690382081686429,1.0
0.7,u_dp3_noom,0.07260796541362824,0.014690382081686429,1.0
0.7,u_dp3_noom,0.07260796541362824,0.014690382081686429,1.0
0.7,u_dp3_noom,0.07260796541362824,0.014690382081686429,1.0
0.7,u_dp3_noom,0.07260796541362824,0.014690382081686429,1.0
0.7,u_dp3_noom,0.07260796541362824,0.014690382081686429,1.0
0.7,u_single_emp,5.167924121663558,0.6801493192797541,1.0
0.7,u_single_emp,5.167924121663558,0.6801493192797541,1.0
0.7,u_single_emp,5.167924121663558,0.6801493192797541,1.0
0.7,u_single_emp,5.167924121663558,0.6801493192797541,1.0
0.7,u_single_emp,5.167924121663558,0.6801493192797541,1.0
0.7,u_single_emp,4.720928574494484,0.6823232323232323,1.0
0.7,u_single_emp,4.525831068959946,0.6876262626262626,1.0
0.7,u_single_emp,4.525831068959946,0.6876262626262626,1.0
0.7,u_single_emp,3.9954618137122035,0.6934343434343435,1.0
0.7,u_single_emp,3.6267661701680063,0.7020202020202021,1.0
0.7,u_single_emp,3.2860449635097733,0.6979468599033817,1.0
0.7,u_single_emp,2.675221686208515,0.7181488801054018,1.0
0.7,u_single_emp,2.4036110289849675,0.7272068511198946,1.0
0.7,u_single_emp,2.3560262975145125,0.7350351339481773,1.0
0.7,u_single_emp,2.3560262975145125,0.7350351339481773,1.0
0.7,u_single_emp,2.207414212198597,0.723671497584541,1.0
0.7,u_single_emp,0.6982582975043166,0.6054347826086957,1.0
0.7,u_single_emp,0.2617916689937804,0.6174132630654371,1.0
0.7,u_single_emp,0.2617916689937804,0.6174132630654371,1.0
0.7,u_single_emp,0.24124751693119617,0.625142731664471,1.0
0.7,u_single_emp,0.24124751693119617,0.625142731664471,1.0
0.7,u_single_emp,0.24124751693119617,0.625142731664471,1.0
0.7,u_single_emp,0.24124751693119617,0.625142731664471,1.0
0.7,u_single_emp,0.11878687653180946,0.5306214317083883,1.0
0.7,u_single_emp,0.10000867727991777,0.5361769872639438,1.0
0.7,u_single_emp,0.10000867727991777,0.5361769872639438,1.0
0.7,u_single_emp,0.10000867727991777,0.5361769872639438,1.0
0.7,u_single_emp,0.10000867727991777,0.5361769872639438,1.0
0.7,u_single_emp,0.10000867727991777,0.5361769872639438,1.0
0.7,u_single_emp,0.10000867727991777,0.5361769872639438,1.0
0.7,u_single_emp,0.10000867727991777,0.5361769872639438,1.0
0.7,u_single_emp,0.10000867727991777,0.5361769872639438,1.0
0.7,u_single_emp,0.10000867727991777,0.5361769872639438,1.0
0.7,u_single_emp,0.07260796541362824,0.014690382081686429,1.0
0.7,u_single_emp,0.07260796541362824,0.014690382081686429,1.0
0.7,u_single_emp,0.07260796541362824,0.014690382081686429,1.0
0.7,u_single_emp,0.07260796541362824,0.014690382081686429,1.0
0.7,u_single_emp,0.07260796541362824,0.014690382081686429,1.0
0.7,u_single_emp,0.07260796541362824,0.014690382081686429,1.0
0.7,u_single_emp,0.07260796541362824,0.014690382081686429,1.0
0.7,u_single_emp,0.07260796541362824,0.014690382081686429,1.0
0.7,u_dp3_emp,12.144205855604874,0.7760942358366271,2.7765761967501086
0.7,u_dp3_emp,10.531358262877287,0.7753294466403162,2.5790535792709703
0.7,u_dp3_emp,10.2970636319121,0.7746594971453666,2.5323386034255595
0.7,u_dp3_emp,10.228507096450858,0.7749181927975406,2.548184014053579
0.7,u_dp3_emp,10.050877142112332,0.7754341018884497,2.52199209486166
0.7,u_dp3_emp,8.236982437473971,0.7765257575757576,2.4046003513394822
0.7,u_dp3_emp,7.405538614822642,0.7775918313570488,2.3453153271848923
0.7,u_dp3_emp,6.160223628834599,0.7762544027228809,2.1424145805884938
0.7,u_dp3_emp,4.924868435253631,0.7800493302591128,1.767224857268336
0.7,u_dp3_emp,4.614017303339431,0.7772479797979799,1.7147764602547215
0.7,u_dp3_emp,3.895066366013825,0.779449494949495,1.628169082125604
0.7,u_dp3_emp,3.158714976101291,0.777240744400527,1.7276455862977602
0.7,u_dp3_emp,2.514800286052947,0.7727733421168206,2.0509064558629775
0.7,u_dp3_emp,1.8369766312087916,0.7549787110232764,1.965469916556873
0.7,u_dp3_emp,1.1057474127655262,0.7488910298638559,1.7239139218269655
0.7,u_dp3_emp,0.9505723546697633,0.7454218379446639,1.6686108915239353
0.7,u_dp3_emp,0.7098313627631476,0.7309626372419852,1.666499780412824
0.7,u_dp3_emp,0.545483588639619,0.72713317962231,1.6661453667105843
0.7,u_dp3_emp,0.4422825598256494,0.7218165458937197,1.6689073342116822
0.7,u_dp3_emp,0.4196483347145705,0.7190139108476065,1.6676315327184896
0.7,u_dp3_emp,0.3676750906351774,0.6950513065436978,1.6987575757575761
0.7,u_dp3_emp,0.2445729246294109,0.6678477272727273,1.7211093544137022
0.7,u_dp3_emp,0.21179547858725475,0.6614513175230566,1.734640755379886
0.7,u_dp3_emp,0.20956404287927752,0.6617588932806324,1.7340548967940275
0.7,u_dp3_emp,0.20241064153801397,0.6507486824769433,1.7340548967940275
0.7,u_dp3_emp,0.10000867727991777,0.5361769872639438,1.0
0.7,u_dp3_emp,0.10000867727991777,0.5361769872639438,1.0
0.7,u_dp3_emp,0.10000867727991777,0.5361769872639438,1.0
0.7,u_dp3_emp,0.10000867727991777,0.5361769872639438,1.0
0.7,u_dp3_emp,0.10000867727991777,0.5361769872639438,1.0
0.7,u_dp3_emp,0.10000867727991777,0.5361769872639438,1.0
0.7,u_dp3_emp,0.10000867727991777,0.5361769872639438,1.0
0.7,u_dp3_emp,0.10000867727991777,0.5361769872639438,1.0
0.7,u_dp3_emp,0.07260796541362824,0.014690382081686429,1.0
0.7,u_dp3_emp,0.07260796541362824,0.014690382081686429,1.0
0.7,u_dp3_emp,0.07260796541362824,0.014690382081686429,1.0
0.7,u_dp3_emp,0.07260796541362824,0.014690382081686429,1.0
0.7,u_dp3_emp,0.07260796541362824,0.014690382081686429,1.0
0.7,u_dp3_emp,0.07260796541362824,0.014690382081686429,1.0
0.7,u_dp3_emp,0.07260796541362824,0.014690382081686429,1.0
0.7,u_dp3_emp,0.07260796541362824,0.014690382081686429,1.0
0.7,u_dp3_raw,12.260423537681998,0.7767947408871321,2.790970136144048
0.7,u_dp3_raw,10.491022326327995,0.7757986934563021,2.543449714536671
0.7,u_dp3_raw,10.26449098311343,0.7754319718928414,2.5323386034255595
0.7,u_dp3_raw,9.8762506095514,0.7773136473429952,2.5225880544576196
0.7,u_dp3_raw,9.72865047858198,0.7774632850241546,2.5135349143610015
0.7,u_dp3_raw,7.9963799572545815,0.7744493741765481,2.465030303030303
0.7,u_dp3_raw,7.252871919619721,0.776413833992095,2.3898954765041722
0.7,u_dp3_raw,6.160223628834599,0.7761642512077295,2.1424145805884938
0.7,u_dp3_raw,4.828805039727773,0.7775945981554677,1.8424571805006593
0.7,u_dp3_raw,4.434595395960337,0.7798719696969698,1.7436350461133072
0.7,u_dp3_raw,3.746074911087836,0.7797189393939394,1.6838559508124726
0.7,u_dp3_raw,2.969651400662453,0.7788309727711902,1.769274044795784
0.7,u_dp3_raw,2.4427559651979953,0.7722119784804569,2.1086943346508566
0.7,u_dp3_raw,1.8058911542854899,0.7554241655687309,2.2297931488801055
0.7,u_dp3_raw,1.1113337619435224,0.7480009003074221,1.879045674132631
0.7,u_dp3_raw,0.9531986088635491,0.7482981005709265,1.6667826086956523
0.7,u_dp3_raw,0.6979549863960629,0.7299797650417216,1.6653877909530086
0.7,u_dp3_raw,0.5577050477257004,0.7259642402283707,1.6653877909530086
0.7,u_dp3_raw,0.4467411352220872,0.719659255599473,1.668711023276241
0.7,u_dp3_raw,0.40769708054688425,0.7122623737373738,1.6748634167764607
0.7,u_dp3_raw,0.35247405246877894,0.6901708498023715,1.700676767676768
0.7,u_dp3_raw,0.2571739222228717,0.6692366161616161,1.7186952129995607
0.7,u_dp3_raw,0.21179547858725475,0.6614513175230566,1.734640755379886
0.7,u_dp3_raw,0.20956404287927752,0.6617588932806324,1.7340548967940275
0.7,u_dp3_raw,0.20241064153801397,0.6507486824769433,1.7340548967940275
0.7,u_dp3_raw,0.10000867727991777,0.5361769872639438,1.0
0.7,u_dp3_raw,0.10000867727991777,0.5361769872639438,1.0
0.7,u_dp3_raw,0.10000867727991777,0.5361769872639438,1.0
0.7,u_dp3_raw,0.10000867727991777,0.5361769872639438,1.0
0.7,u_dp3_raw,0.10000867727991777,0.5361769872639438,1.0
0.7,u_dp3_raw,0.10000867727991777,0.5361769872639438,1.0
0.7,u_dp3_raw,0.10000867727991777,0.5361769872639438,1.0
0.7,u_dp3_raw,0.09652439703429458,0.4571365832235398,1.0
0.7,u_dp3_raw,0.07260796541362824,0.014690382081686429,1.0
0.7,u_dp3_raw,0.07260796541362824,0.014690382081686429,1.0
0.7,u_dp3_raw,0.07260796541362824,0.014690382081686429,1.0
0.7,u_dp3_raw,0.07260796541362824,0.014690382081686429,1.0
0.7,u_dp3_raw,0.07260796541362824,0.014690382081686429,1.0
0.7,u_dp3_raw,0.07260796541362824,0.014690382081686429,1.0
0.7,u_dp3_raw,0.07260796541362824,0.014690382081686429,1.0
0.7,u_dp3_raw,0.07260796541362824,0.014690382081686429,1.0
0.7,u_dp3_emp_indep,8.46650994424722,0.7220131752305666,1.635281949934124
0.7,u_dp3_emp_indep,8.46650994424722,0.7220131752305666,1.635281949934124
0.7,u_dp3_emp_indep,8.46650994424722,0.7220131752305666,1.635281949934124
0.7,u_dp3_emp_indep,7.60614431464428,0.7269398331137462,1.6301295564339042
0.7,u_dp3_emp_indep,7.515397656538537,0.7275938735177866,1.629705314009662
0.7,u_dp3_emp_indep,6.86614883277343,0.7302039964866052,1.625836627140975
0.7,u_dp3_emp_indep,6.045842001486116,0.7379262187088274,1.6193618796662277
0.7,u_dp3_emp_indep,5.630653954362045,0.741673364075538,1.6197997364953887
0.7,u_dp3_emp_indep,4.576043572505662,0.7647856829161176,1.602855072463768
0.7,u_dp3_emp_indep,4.26543548926505,0.7700962889767238,1.5993904259991218
0.7,u_dp3_emp_indep,3.904137556753029,0.7784676108915238,1.58937812911726
0.7,u_dp3_emp_indep,3.791367000981668,0.7801645805884936,1.5892165129556437
0.7,u_dp3_emp_indep,3.747864470251968,0.7802602108036889,1.5892165129556437
0.7,u_dp3_emp_indep,2.156964099869435,0.7396063899868248,1.6636930171278002
0.7,u_dp3_emp_indep,1.168167195891892,0.7342761308739569,1.683662714097497
0.7,u_dp3_emp_indep,0.8500256474724267,0.7433493631971894,1.6698546332894162
0.7,u_dp3_emp_indep,0.5170042289925987,0.7067120114185331,1.6698546332894162
0.7,u_dp3_emp_indep,0.40460484771596056,0.7151620553359683,1.6637000439174359
0.7,u_dp3_emp_indep,0.40460484771596056,0.7151620553359683,1.6637000439174359
0.7,u_dp3_emp_indep,0.4012463383021886,0.7167296881862099,1.6637000439174359
0.7,u_dp3_emp_indep,0.3822061888385174,0.7052205753184014,1.6785634606938957
0.7,u_dp3_emp_indep,0.22844605551619565,0.6591048528765918,1.7365296442687748
0.7,u_dp3_emp_indep,0.20956404287927752,0.6617588932806324,1.7340548967940275
0.7,u_dp3_emp_indep,0.1782722363812075,0.6329390645586297,1.7340548967940275
0.7,u_dp3_emp_indep,0.17348225106489112,0.6336234079929732,1.7340548967940275
0.7,u_dp3_emp_indep,0.17348225106489112,0.6336234079929732,1.7340548967940275
0.7,u_dp3_emp_indep,0.14984519506796262,0.6057361660079051,1.5061414141414142
0.7,u_dp3_emp_indep,0.10000867727991777,0.5361769872639438,1.0
0.7,u_dp3_emp_indep,0.10000867727991777,0.5361769872639438,1.0
0.7,u_dp3_emp_indep,0.10000867727991777,0.5361769872639438,1.0
0.7,u_dp3_emp_indep,0.10000867727991777,0.5361769872639438,1.0
0.7,u_dp3_emp_indep,0.10000867727991777,0.5361769872639438,1.0
0.7,u_dp3_emp_indep,0.10000867727991777,0.5361769872639438,1.0
0.7,u_dp3_emp_indep,0.07260796541362824,0.014690382081686429,1.0
0.7,u_dp3_emp_indep,0.07260796541362824,0.014690382081686429,1.0
0.7,u_dp3_emp_indep,0.07260796541362824,0.014690382081686429,1.0
0.7,u_dp3_emp_indep,0.07260796541362824,0.014690382081686429,1.0
0.7,u_dp3_emp_indep,0.07260796541362824,0.014690382081686429,1.0
0.7,u_dp3_emp_indep,0.07260796541362824,0.014690382081686429,1.0
0.7,u_dp3_emp_indep,0.07260796541362824,0.014690382081686429,1.0
0.7,u_dp3_emp_indep,0.07260796541362824,0.014690382081686429,1.0
0.7,u_pidx,17.18108604025236,0.7851473361220904,3.8300611304347827
0.7,u_pidx,17.095432053780314,0.7851820741985068,3.8296427505489676
0.7,u_pidx,16.923535173310785,0.784951627635046,3.824163119016249
0.7,u_pidx,16.738070448341194,0.7857179819060165,3.824528547211243
0.7,u_pidx,16.441089481070193,0.7866752569718928,3.823429209486166
0.7,u_pidx,15.182413932679337,0.7883437737044356,3.808885676767677
0.7,u_pidx,14.64652403120302,0.7890570025252525,3.8097482828282825
0.7,u_pidx,13.471158205994946,0.7927266058629777,3.760230883179622
0.7,u_pidx,12.72611933833308,0.7941513431708388,3.783501205094422
0.7,u_pidx,12.151556449597475,0.7961455034145806,3.779202126043039
0.7,u_pidx,10.67986349970673,0.7965063818950374,3.5319632635046116
0.7,u_pidx,8.535500236213402,0.7938504034804567,3.303848691699605
0.7,u_pidx,5.4518825439121885,0.7925622678743962,2.5552723342116814
0.7,u_pidx,3.7880838678976527,0.7790492833772507,3.039923600351339
0.7,u_pidx,2.1697320588393723,0.7595997089811155,3.1362671071585413
0.7,u_pidx,1.3812718200492988,0.7521948014602547,3.1108439200702676
0.7,u_pidx,0.9158254822058,0.7508683775691699,2.80962103732982
0.7,u_pidx,0.6794350892549702,0.7478202218928414,2.525420758893281
0.7,u_pidx,0.5167838625038574,0.743658474571805,2.043957951690821
0.7,u_pidx,0.44586881366857406,0.7351249290953009,2.0341907694334656
0.7,u_pidx,0.42631985719333265,0.7246751965524812,2.2139545243741767
0.7,u_pidx,0.3023455621711595,0.6941957433025912,1.8915108959156786
0.7,u_pidx,0.24328834190675702,0.6777501800614842,1.8583821256038648
0.7,u_pidx,0.20956404287927752,0.6617588932806324,1.7340548967940275
0.7,u_pidx,0.1970939028538186,0.6456843434343434,1.6841238471673257
0.7,u_pidx,0.14857514563821939,0.6036857707509883,1.4855292050944224
0.7,u_pidx,0.10000867727991777,0.5361769872639438,1.0
0.7,u_pidx,0.10000867727991777,0.5361769872639438,1.0
0.7,u_pidx,0.10000867727991777,0.5361769872639438,1.0
0.7,u_pidx,0.10000867727991777,0.5361769872639438,1.0
0.7,u_pidx,0.10000867727991777,0.5361769872639438,1.0
0.7,u_pidx,0.10000867727991777,0.5361769872639438,1.0
0.7,u_pidx,0.09039501864160422,0.3225406236275801,1.0
0.7,u_pidx,0.07260796541362824,0.014690382081686429,1.0
0.7,u_pidx,0.07260796541362824,0.014690382081686429,1.0
0.7,u_pidx,0.07260796541362824,0.014690382081686429,1.0
0.7,u_pidx,0.07260796541362824,0.014690382081686429,1.0
0.7,u_pidx,0.07260796541362824,0.014690382081686429,1.0
0.7,u_pidx,0.07260796541362824,0.014690382081686429,1.0
0.7,u_pidx,0.07260796541362824,0.014690382081686429,1.0
0.7,u_pidx,0.07260796541362824,0.014690382081686429,1.0
0.7,u_pidx_emp,20.38002636012418,0.8046771176548088,5.045301834431271
0.7,u_pidx_emp,19.944541521627674,0.8046234599033816,4.994341916117699
0.7,u_pidx_emp,19.41278497973354,0.8050875218928414,4.950184506807203
0.7,u_pidx_emp,19.106628890550798,0.8053554414909969,4.9418727593324565
0.7,u_pidx_emp,18.51508486371582,0.805889231027668,4.858731257795346
0.7,u_pidx_emp,16.827830871403894,0.806199728063241,4.576028725955205
0.7,u_pidx_emp,15.860745720022683,0.8089862493741765,4.54854818050066
0.7,u_pidx_emp,13.910179000751251,0.8085146151515149,4.224923772068511
0.7,u_pidx_emp,12.303989035331883,0.8097170229688185,4.06623426745718
0.7,u_pidx_emp,10.322846277148274,0.8098641719587174,3.884191857268336
0.7,u_pidx_emp,8.882955459941622,0.8129103352766798,3.8382877285902497
0.7,u_pidx_emp,7.456655170011572,0.8095075953447518,3.8289313825208615
0.7,u_pidx_emp,4.305482327284395,0.8036119958498025,2.743701177426438
0.7,u_pidx_emp,3.0543388625410217,0.7880007514712342,3.017671112867808
0.7,u_pidx_emp,2.277579595389771,0.7727307106829161,3.3477596811594195
0.7,u_pidx_emp,1.300207998317429,0.7557356894049189,3.048566767676767
0.7,u_pidx_emp,1.0131592929542599,0.7562394566974089,2.9999901620553358
0.7,u_pidx_emp,0.7221502169444765,0.7470848605950812,2.5592491251646905
0.7,u_pidx_emp,0.5997587310584277,0.7457323725076856,2.2349414839701356
0.7,u_pidx_emp,0.4918887992845541,0.73840104657444,2.1056161089152394
0.7,u_pidx_emp,0.448761901734462,0.7250882057751427,2.369884748353096
0.7,u_pidx_emp,0.3323466130002334,0.694176929073342,2.171165704874835
0.7,u_pidx_emp,0.2530076363971488,0.6815990305226174,1.8813636100131756
0.7,u_pidx_emp,0.20956404287927752,0.6617588932806324,1.7340548967940275
0.7,u_pidx_emp,0.19748314451635354,0.6459191919191919,1.6840430390865178
0.7,u_pidx_emp,0.14857514563821939,0.6036857707509883,1.4855292050944224
0.7,u_pidx_emp,0.10000867727991777,0.5361769872639438,1.0
0.7,u_pidx_emp,0.10000867727991777,0.5361769872639438,1.0
0.7,u_pidx_emp,0.10000867727991777,0.5361769872639438,1.0
0.7,u_pidx_emp,0.10000867727991777,0.5361769872639438,1.0
0.7,u_pidx_emp,0.10000867727991777,0.5361769872639438,1.0
0.7,u_pidx_emp,0.10000867727991777,0.5361769872639438,1.0
0.7,u_pidx_emp,0.10000867727991777,0.5361769872639438,1.0
0.7,u_pidx_emp,0.07260796541362824,0.014690382081686429,1.0
0.7,u_pidx_emp,0.07260796541362824,0.014690382081686429,1.0
0.7,u_pidx_emp,0.07260796541362824,0.014690382081686429,1.0
0.7,u_pidx_emp,0.07260796541362824,0.014690382081686429,1.0
0.7,u_pidx_emp,0.07260796541362824,0.014690382081686429,1.0
0.7,u_pidx_emp,0.07260796541362824,0.014690382081686429,1.0
0.7,u_pidx_emp,0.07260796541362824,0.014690382081686429,1.0
0.7,u_pidx_emp,0.07260796541362824,0.014690382081686429,1.0
0.7,u_pidx_emp_indep,9.087493368968323,0.7561866770202018,1.8310992753623188
0.7,u_pidx_emp_indep,9.036440726466203,0.7555973999670619,1.8314415555555557
0.7,u_pidx_emp_indep,8.443959629643258,0.7571693521080367,1.8284473610013174
0.7,u_pidx_emp_indep,8.113172250466738,0.7588586912165128,1.8249951862099254
0.7,u_pidx_emp_indep,8.002335663018027,0.7590718088932805,1.8247284286341676
0.7,u_pidx_emp_indep,7.061408184768933,0.7653967207619675,1.8140243882301275
0.7,u_pidx_emp_indep,6.402026133398977,0.7719431078282829,1.8031702665788318
0.7,u_pidx_emp_indep,5.931561099040596,0.774105288768116,1.80097545103206
0.7,u_pidx_emp_indep,5.065042545499529,0.7873881164580588,1.775779631093544
0.7,u_pidx_emp_indep,4.557260176438181,0.7932517006807203,1.7670615428194991
0.7,u_pidx_emp_indep,4.310836462643901,0.7943570025252525,1.76491496969697
0.7,u_pidx_emp_indep,4.124280832607336,0.7947132494290734,1.7663912775581907
0.7,u_pidx_emp_indep,3.853188611176671,0.7943397309178742,1.7677701001317523
0.7,u_pidx_emp_indep,2.0702973775737736,0.7516613556104523,1.8565687610891526
0.7,u_pidx_emp_indep,1.0655546123093225,0.742766255204216,1.8732062859025036
0.7,u_pidx_emp_indep,0.6062019390230343,0.7446028758563901,1.8632634598155464
0.7,u_pidx_emp_indep,0.5169752910118717,0.7484378379885815,1.8567249424681596
0.7,u_pidx_emp_indep,0.5119816375805007,0.746842930412824,1.8597628616600788
0.7,u_pidx_emp_indep,0.4757771320146937,0.740693337911726,1.866724050065876
0.7,u_pidx_emp_indep,0.4203556742737394,0.7335832235726834,1.8498912964426875
0.7,u_pidx_emp_indep,0.37055593357606753,0.7100208443456302,1.8902087624066752
0.7,u_pidx_emp_indep,0.282074159588852,0.6894006796552481,1.9294852665788318
0.7,u_pidx_emp_indep,0.24164393767223877,0.6785721936758892,1.8603740711462453
0.7,u_pidx_emp_indep,0.23994088572758818,0.6782709376372419,1.8573902064119459
0.7,u_pidx_emp_indep,0.20956404287927752,0.6617588932806324,1.7340548967940275
0.7,u_pidx_emp_indep,0.14857514563821939,0.6036857707509883,1.4855292050944224
0.7,u_pidx_emp_indep,0.132708384865391,0.5849209486166008,1.3328194993412381
0.7,u_pidx_emp_indep,0.10000867727991777,0.5361769872639438,1.0
0.7,u_pidx_emp_indep,0.10000867727991777,0.5361769872639438,1.0
0.7,u_pidx_emp_indep,0.10000867727991777,0.5361769872639438,1.0
0.7,u_pidx_emp_indep,0.10000867727991777,0.5361769872639438,1.0
0.7,u_pidx_emp_indep,0.10000867727991777,0.5361769872639438,1.0
0.7,u_pidx_emp_indep,0.10000867727991777,0.5361769872639438,1.0
0.7,u_pidx_emp_indep,0.07260796541362824,0.014690382081686429,1.0
0.7,u_pidx_emp_indep,0.07260796541362824,0.014690382081686429,1.0
0.7,u_pidx_emp_indep,0.07260796541362824,0.014690382081686429,1.0
0.7,u_pidx_emp_indep,0.07260796541362824,0.014690382081686429,1.0
0.7,u_pidx_emp_indep,0.07260796541362824,0.014690382081686429,1.0
0.7,u_pidx_emp_indep,0.07260796541362824,0.014690382081686429,1.0
0.7,u_pidx_emp_indep,0.07260796541362824,0.014690382081686429,1.0
0.7,u_pidx_emp_indep,0.07260796541362824,0.014690382081686429,1.0
0.7,dec_single_joint,6.397681713104248,0.6699934601783752,
0.7,dec_single_joint,6.115071773529053,0.6687857508659363,
0.7,dec_single_joint,6.115071773529053,0.6687857508659363,
0.7,dec_single_joint,5.752474308013916,0.6745938062667847,
0.7,dec_single_joint,5.465745449066162,0.6763614416122437,
0.7,dec_single_joint,5.465745449066162,0.6763614416122437,
0.7,dec_single_joint,4.890247821807861,0.6877250671386719,
0.7,dec_single_joint,4.608848571777344,0.6937856674194336,
0.7,dec_single_joint,3.8735077381134033,0.6991984844207764,
0.7,dec_single_joint,3.7187864780426025,0.6999560594558716,
0.7,dec_single_joint,3.4446916580200195,0.702228844165802,
0.7,dec_single_joint,2.685858726501465,0.72050940990448,
0.7,dec_single_joint,2.5089752674102783,0.7261857390403748,
0.7,dec_single_joint,2.3714327812194824,0.7274484038352966,
0.7,dec_single_joint,2.3053362369537354,0.731488823890686,
0.7,dec_single_joint,1.9919835329055786,0.6994181275367737,
0.7,dec_single_joint,0.5449262857437134,0.612362802028656,
0.7,dec_single_joint,0.4239618182182312,0.6045344471931458,
0.7,dec_single_joint,0.2617916762828827,0.6174132823944092,
0.7,dec_single_joint,0.2617916762828827,0.6174132823944092,
0.7,dec_single_joint,0.2617916762828827,0.6174132823944092,
0.7,dec_single_joint,0.2412475198507309,0.6251427531242371,
0.7,dec_single_joint,0.21328872442245483,0.5953007936477661,
0.7,dec_single_joint,0.12935487926006317,0.5435001850128174,
0.7,dec_single_joint,0.10962224751710892,0.5321365594863892,
0.7,dec_single_joint,0.10000868141651154,0.5361769199371338,
0.7,dec_single_joint,0.10000868141651154,0.5361769199371338,
0.7,dec_single_joint,0.10000868141651154,0.5361769199371338,
0.7,dec_single_joint,0.10000868141651154,0.5361769199371338,
0.7,dec_single_joint,0.10000868141651154,0.5361769199371338,
0.7,dec_single_joint,0.10000868141651154,0.5361769199371338,
0.7,dec_single_joint,0.10000868141651154,0.5361769199371338,
0.7,dec_single_joint,0.09824338555335999,0.4940052628517151,
0.7,dec_single_joint,0.07260796427726746,0.014690381474792957,
0.7,dec_single_joint,0.07260796427726746,0.014690381474792957,
0.7,dec_single_joint,0.07260796427726746,0.014690381474792957,
0.7,dec_single_joint,0.07260796427726746,0.014690381474792957,
0.7,dec_single_joint,0.07260796427726746,0.014690381474792957,
0.7,dec_single_joint,0.07260796427726746,0.014690381474792957,
0.7,dec_single_joint,0.07260796427726746,0.014690381474792957,
0.7,dec_single_joint,0.07260796427726746,0.014690381474792957,
0.7,dec_escalate_joint,5.298945426940918,0.775058925151825,
0.7,dec_escalate_joint,5.298945426940918,0.775058925151825,
0.7,dec_escalate_joint,5.298945426940918,0.775058925151825,
0.7,dec_escalate_joint,5.298945426940918,0.775058925151825,
0.7,dec_escalate_joint,5.298945426940918,0.775058925151825,
0.7,dec_escalate_joint,5.298945426940918,0.775058925151825,
0.7,dec_escalate_joint,5.298945426940918,0.775058925151825,
0.7,dec_escalate_joint,5.157835960388184,0.7775312066078186,
0.7,dec_escalate_joint,5.157835960388184,0.7775312066078186,
0.7,dec_escalate_joint,5.017629623413086,0.7771018147468567,
0.7,dec_escalate_joint,4.29990291595459,0.7724823355674744,
0.7,dec_escalate_joint,3.378173351287842,0.75787353515625,
0.7,dec_escalate_joint,1.9464190006256104,0.7385546565055847,
0.7,dec_escalate_joint,1.4996341466903687,0.7432385683059692,
0.7,dec_escalate_joint,1.1711902618408203,0.7476319074630737,
0.7,dec_escalate_joint,1.041140079498291,0.7493468523025513,
0.7,dec_escalate_joint,0.9169122576713562,0.7412130236625671,
0.7,dec_escalate_joint,0.8060232996940613,0.7231584787368774,
0.7,dec_escalate_joint,0.4928969144821167,0.6948397755622864,
0.7,dec_escalate_joint,0.30391761660575867,0.6790306568145752,
0.7,dec_escalate_joint,0.30391761660575867,0.6790306568145752,
0.7,dec_escalate_joint,0.29434317350387573,0.6814170479774475,
0.7,dec_escalate_joint,0.22535085678100586,0.6532943844795227,
0.7,dec_escalate_joint,0.2179713398218155,0.6525020599365234,
0.7,dec_escalate_joint,0.2179713398218155,0.6525020599365234,
0.7,dec_escalate_joint,0.2179713398218155,0.6525020599365234,
0.7,dec_escalate_joint,0.2179713398218155,0.6525020599365234,
0.7,dec_escalate_joint,0.2179713398218155,0.6525020599365234,
0.7,dec_escalate_joint,0.14212669432163239,0.38042041659355164,
0.7,dec_escalate_joint,0.14212669432163239,0.38042041659355164,
0.7,dec_escalate_joint,0.14212669432163239,0.38042041659355164,
0.7,dec_escalate_joint,0.14212669432163239,0.38042041659355164,
0.7,dec_escalate_joint,0.14212669432163239,0.38042041659355164,
0.7,dec_escalate_joint,0.14212669432163239,0.38042041659355164,
0.7,dec_escalate_joint,0.14212669432163239,0.38042041659355164,
0.7,dec_escalate_joint,0.14212669432163239,0.38042041659355164,
0.7,dec_escalate_joint,0.14212669432163239,0.38042041659355164,
0.7,dec_escalate_joint,0.14212669432163239,0.38042041659355164,
0.7,dec_escalate_joint,0.14212669432163239,0.38042041659355164,
0.7,dec_escalate_joint,0.14212669432163239,0.38042041659355164,
0.7,dec_escalate_joint,0.14212669432163239,0.38042041659355164,
0.7,dec_mixed_joint,8.575661659240723,0.752214252948761,
0.7,dec_mixed_joint,7.5228095054626465,0.7535516023635864,
0.7,dec_mixed_joint,7.425459384918213,0.7521120309829712,
0.7,dec_mixed_joint,7.425459384918213,0.7521120309829712,
0.7,dec_mixed_joint,6.219902515411377,0.7567487359046936,
0.7,dec_mixed_joint,6.059288024902344,0.7579507231712341,
0.7,dec_mixed_joint,5.814713001251221,0.7596729397773743,
0.7,dec_mixed_joint,5.364727973937988,0.7627865672111511,
0.7,dec_mixed_joint,4.725888729095459,0.7714672684669495,
0.7,dec_mixed_joint,4.212570667266846,0.775378942489624,
0.7,dec_mixed_joint,3.814856767654419,0.776482880115509,
0.7,dec_mixed_joint,3.354260206222534,0.7758544087409973,
0.7,dec_mixed_joint,2.717693328857422,0.7618640065193176,
0.7,dec_mixed_joint,1.366583228111267,0.7382679581642151,
0.7,dec_mixed_joint,1.0837119817733765,0.7426879405975342,
0.7,dec_mixed_joint,0.8076220154762268,0.7370010018348694,
0.7,dec_mixed_joint,0.6887134313583374,0.7262632846832275,
0.7,dec_mixed_joint,0.5176408290863037,0.7216507196426392,
0.7,dec_mixed_joint,0.43156492710113525,0.7240880131721497,
0.7,dec_mixed_joint,0.4206525683403015,0.7186355590820312,
0.7,dec_mixed_joint,0.3918764889240265,0.7006596326828003,
0.7,dec_mixed_joint,0.2494858205318451,0.6608253717422485,
0.7,dec_mixed_joint,0.2217836230993271,0.6537663340568542,
0.7,dec_mixed_joint,0.19534727931022644,0.6462410688400269,
0.7,dec_mixed_joint,0.17614229023456573,0.6340500712394714,
0.7,dec_mixed_joint,0.12412214279174805,0.5661488771438599,
0.7,dec_mixed_joint,0.10000868141651154,0.5361769199371338,
0.7,dec_mixed_joint,0.10000868141651154,0.5361769199371338,
0.7,dec_mixed_joint,0.10000868141651154,0.5361769199371338,
0.7,dec_mixed_joint,0.10000868141651154,0.5361769199371338,
0.7,dec_mixed_joint,0.10000868141651154,0.5361769199371338,
0.7,dec_mixed_joint,0.10000868141651154,0.5361769199371338,
0.7,dec_mixed_joint,0.09824338555335999,0.4940052628517151,
0.7,dec_mixed_joint,0.07260796427726746,0.014690381474792957,
0.7,dec_mixed_joint,0.07260796427726746,0.014690381474792957,
0.7,dec_mixed_joint,0.07260796427726746,0.014690381474792957,
0.7,dec_mixed_joint,0.07260796427726746,0.014690381474792957,
0.7,dec_mixed_joint,0.07260796427726746,0.014690381474792957,
0.7,dec_mixed_joint,0.07260796427726746,0.014690381474792957,
0.7,dec_mixed_joint,0.07260796427726746,0.014690381474792957,
0.7,dec_mixed_joint,0.07260796427726746,0.014690381474792957,
0.7,dec_pandora,5.9457388574157495,0.735260209441185,1.950411725955204
0.7,dec_pandora,0.4149022147340433,0.6990941991408666,2.0242424242424244
0.7,dec_pandora,0.4149022147340433,0.6990941991408666,2.0242424242424244
0.7,dec_pandora,0.4149022147340433,0.6990941991408666,2.0242424242424244
0.7,dec_pandora,0.4149022147340433,0.6990941991408666,2.0242424242424244
0.7,dec_pandora,0.4149022147340433,0.6990941991408666,2.0242424242424244
0.7,dec_pandora,0.4149022147340433,0.6990941991408666,2.0242424242424244
0.7,dec_pandora,0.4149022147340433,0.6990941991408666,2.0242424242424244
0.7,dec_pandora,0.4149022147340433,0.6990941991408666,2.0242424242424244
0.7,dec_pandora,0.4149022147340433,0.6990941991408666,2.0242424242424244
0.7,dec_pandora,0.4149022147340433,0.6990941991408666,2.0242424242424244
0.7,dec_pandora,0.4149022147340433,0.6990941991408666,2.0242424242424244
0.7,dec_pandora,0.4149022147340433,0.6990941991408666,2.0242424242424244
0.7,dec_pandora,0.4149022147340433,0.6990941991408666,2.0242424242424244
0.7,dec_pandora,0.4149022147340433,0.6990941991408666,2.0242424242424244
0.7,dec_pandora,0.4149022147340433,0.6990941991408666,2.0242424242424244
0.7,dec_pandora,0.4149022147340433,0.6990941991408666,2.0242424242424244
0.7,dec_pandora,0.4149022147340433,0.6990941991408666,2.0242424242424244
0.7,dec_pandora,0.4149022147340433,0.6990941991408666,2.0242424242424244
0.7,dec_pandora,0.4149022147340433,0.6990941991408666,2.0242424242424244
0.7,dec_pandora,0.4118675874319168,0.698715411623319,2.0231060606060605
0.7,dec_pandora,0.3925014945429324,0.6983366241057714,2.0155632411067192
0.7,dec_pandora,0.28285855612348226,0.6882246337831021,1.9535408432147565
0.7,dec_pandora,0.28285855612348226,0.6882246337831021,1.9535408432147565
0.7,dec_pandora,0.28285855612348226,0.6882246337831021,1.9535408432147565
0.7,dec_pandora,0.24601719760396104,0.6724472952385744,1.8744071146245058
0.7,dec_pandora,0.24601719760396104,0.6724472952385744,1.8744071146245058
0.7,dec_pandora,0.14873695383339194,0.5924901145199934,1.4869235836627144
0.7,dec_pandora,0.14873695383339194,0.5924901145199934,1.4869235836627144
0.7,dec_pandora,0.10008222892376126,0.5352108038961887,1.0
0.7,dec_pandora,0.10008222892376126,0.5352108038961887,1.0
0.7,dec_pandora,0.10008222892376126,0.5352108038961887,1.0
0.7,dec_pandora,0.10008222892376126,0.5352108038961887,1.0
0.7,dec_pandora,0.10008222892376126,0.5352108038961887,1.0
0.7,dec_pandora,0.10008222892376126,0.5352108038961887,1.0
0.7,dec_pandora,0.10008222892376126,0.5352108038961887,1.0
0.7,dec_pandora,0.10008222892376126,0.5352108038961887,1.0
0.7,dec_pandora,0.10008222892376126,0.5352108038961887,1.0
0.7,dec_pandora,0.10008222892376126,0.5352108038961887,1.0
0.7,dec_pandora,0.10008222892376126,0.5352108038961887,1.0
0.7,dec_pandora,0.10008222892376126,0.5352108038961887,1.0
0.7,dec_revcat,5.933234263107741,0.7252470344305039,1.9378952569169958
0.7,dec_revcat,0.41195336718201797,0.6812088241179785,2.0479907773386032
0.7,dec_revcat,0.41195336718201797,0.6812088241179785,2.0479907773386032
0.7,dec_revcat,0.41195336718201797,0.6812088241179785,2.0479907773386032
0.7,dec_revcat,0.41195336718201797,0.6812088241179785,2.0479907773386032
0.7,dec_revcat,0.41195336718201797,0.6812088241179785,2.0479907773386032
0.7,dec_revcat,0.41195336718201797,0.6812088241179785,2.0479907773386032
0.7,dec_revcat,0.41195336718201797,0.6812088241179785,2.0479907773386032
0.7,dec_revcat,0.41195336718201797,0.6812088241179785,2.0479907773386032
0.7,dec_revcat,0.41195336718201797,0.6812088241179785,2.0479907773386032
0.7,dec_revcat,0.41195336718201797,0.6812088241179785,2.0479907773386032
0.7,dec_revcat,0.41195336718201797,0.6812088241179785,2.0479907773386032
0.7,dec_revcat,0.41195336718201797,0.6812088241179785,2.0479907773386032
0.7,dec_revcat,0.4111128653276329,0.6812088241179785,2.047628458498023
0.7,dec_revcat,0.40487372871784044,0.6812088241179785,2.0457674571805002
0.7,dec_revcat,0.40003322351224496,0.6812088241179785,2.0443017127799736
0.7,dec_revcat,0.39767615162480335,0.6812088241179785,2.043181818181818
0.7,dec_revcat,0.3961629549803995,0.6812088241179785,2.041683135704875
0.7,dec_revcat,0.3874630308025965,0.6812088241179785,2.0394268774703557
0.7,dec_revcat,0.3709580775523958,0.6804677178462346,2.0265974967061924
0.7,dec_revcat,0.3141157162187397,0.6751646866401037,1.994927536231884
0.7,dec_revcat,0.2762951148839542,0.6751152803500493,1.9536725955204213
0.7,dec_revcat,0.2762350426122364,0.6751152803500493,1.9529150197628458
0.7,dec_revcat,0.27373643804050746,0.6732213407754898,1.946096837944664
0.7,dec_revcat,0.24697181224296594,0.6612483501434326,1.8882575757575757
0.7,dec_revcat,0.2456798157991525,0.6623847131927808,1.8852272727272728
0.7,dec_revcat,0.19578479758515335,0.623830696195364,1.6841238471673252
0.7,dec_revcat,0.14899950854348973,0.587747032692035,1.4950922266139657
0.7,dec_revcat,0.14899950854348973,0.587747032692035,1.4950922266139657
0.7,dec_revcat,0.10008222892376126,0.5352108038961887,1.0
0.7,dec_revcat,0.10008222892376126,0.5352108038961887,1.0
0.7,dec_revcat,0.10008222892376126,0.5352108038961887,1.0
0.7,dec_revcat,0.10008222892376126,0.5352108038961887,1.0
0.7,dec_revcat,0.10008222892376126,0.5352108038961887,1.0
0.7,dec_revcat,0.10008222892376126,0.5352108038961887,1.0
0.7,dec_revcat,0.10008222892376126,0.5352108038961887,1.0
0.7,dec_revcat,0.10008222892376126,0.5352108038961887,1.0
0.7,dec_revcat,0.10008222892376126,0.5352108038961887,1.0
0.7,dec_revcat,0.10008222892376126,0.5352108038961887,1.0
0.7,dec_revcat,0.10008222892376126,0.5352108038961887,1.0
0.7,dec_revcat,0.10008222892376126,0.5352108038961887,1.0
0.6,single_points,9.276904106140137,0.6886034607887268,
0.6,single_points,3.808478832244873,0.5986934900283813,
0.6,single_points,21.59095001220703,0.6914580464363098,
0.6,single_points,6.0883708000183105,0.6564229726791382,
0.6,single_points,13.404322624206543,0.6935550570487976,
0.6,single_points,0.8387231826782227,0.0027777778450399637,
0.6,single_points,5.265920639038086,0.27921608090400696,
0.6,single_points,4.892588138580322,0.3935880661010742,
0.6,single_points,18.29735565185547,0.5377799272537231,
0.6,single_points,2.3366405963897705,0.31549185514450073,
0.6,single_points,8.596776008605957,0.4395805299282074,
0.6,single_points,4.153711795806885,0.5145367383956909,
0.6,single_points,2.316466808319092,0.40743303298950195,
0.6,single_points,12.737649917602539,0.5796332955360413,
0.6,single_points,3.352701425552368,0.4817962646484375,
0.6,single_points,7.791232109069824,0.5663592219352722,
0.6,single_points,6.111572265625,0.727733850479126,
0.6,single_points,1.6865484714508057,0.5685990452766418,
0.6,single_points,12.029446601867676,0.7284585237503052,
0.6,single_points,3.3321430683135986,0.6849362850189209,
0.6,single_points,9.2087984085083,0.7337615489959717,
0.6,single_points,5.487627029418945,0.29704657196998596,
0.6,single_points,7.463020324707031,0.4699055552482605,
0.6,single_points,2.188255548477173,0.30159199237823486,
0.6,single_points,25.989742279052734,0.5211242437362671,
0.6,single_points,4.097256660461426,0.3938845098018646,
0.6,single_points,11.88031005859375,0.4938405454158783,
0.6,single_points,0.10000867396593094,0.5361769199371338,
0.6,single_points,4.281822204589844,0.08238910883665085,
0.6,single_points,0.24124747514724731,0.6251427531242371,
0.6,single_points,1.844233751296997,0.09824330359697342,
0.6,single_points,2.1572413444519043,0.11744620651006699,
0.6,single_points,3.4796910285949707,0.36880767345428467,
0.6,single_points,7.431429386138916,0.288614422082901,
0.6,single_points,4.4770331382751465,0.4643060564994812,
0.6,single_points,2.18442702293396,0.6531510949134827,
0.6,single_points,1.8237465620040894,0.5375823378562927,
0.6,single_points,2.0017824172973633,0.6568511128425598,
0.6,single_points,2.3560266494750977,0.7350351810455322,
0.6,single_points,1.9699456691741943,0.6974198818206787,
0.6,single_points,1.4774951934814453,0.052481334656476974,
0.6,single_points,7.537323474884033,0.17801931500434875,
0.6,single_points,2.8305375576019287,0.35637903213500977,
0.6,single_points,3.9133880138397217,0.4228041470050812,
0.6,single_points,0.4842551350593567,0.6335747838020325,
0.6,single_points,4.001148700714111,0.6822024583816528,
0.6,single_points,2.086649179458618,0.2477162927389145,
0.6,single_points,4.971733093261719,0.5287110209465027,
0.6,single_points,4.812073707580566,0.6424132585525513,
0.6,single_points,1.217673659324646,0.27008122205734253,
0.6,single_points,2.5338034629821777,0.5055775046348572,
0.6,single_points,6.90861701965332,0.6904699206352234,
0.6,single_points,0.7814671993255615,0.44251206517219543,
0.6,single_points,0.07260796427726746,0.014690382406115532,
0.6,single_points,3.132617473602295,0.6773825287818909,
0.6,single_points,0.21662096679210663,0.11368027329444885,
0.6,single_points,1.5486983060836792,0.5593434572219849,
0.6,single_points,3.4720561504364014,0.6982322931289673,
0.6,single_points,1.0710885524749756,0.45546773076057434,
0.6,single_points,8.386049270629883,0.7322134375572205,
0.6,single_points,1.8642641305923462,0.6063021421432495,
0.6,single_points,4.714482307434082,0.6944004893302917,
0.6,single_points,1.1341863870620728,0.5339152216911316,
0.6,single_points,0.42905953526496887,0.23626483976840973,
0.6,single_points,4.969249248504639,0.6919630765914917,
0.6,single_points,0.5840455293655396,0.34259989857673645,
0.6,single_points,2.1389853954315186,0.5955314040184021,
0.6,single_points,3.9015398025512695,0.7278107404708862,
0.6,single_points,1.6082100868225098,0.677931547164917,
0.6,single_points,7.45270299911499,0.725472092628479,
0.6,single_points,3.0884907245635986,0.7230895757675171,
0.6,single_points,4.430572032928467,0.7449933290481567,
0.6,single_points,2.416532278060913,0.5332125425338745,
0.6,single_points,4.399432182312012,0.6557641625404358,
0.6,single_points,1.0485512018203735,0.4047321379184723,
0.6,single_points,3.4320244789123535,0.6836845874786377,
0.6,single_points,5.508119583129883,0.6702898740768433,
0.6,single_points,6.639136791229248,0.13227932155132294,
0.6,single_points,3.1732895374298096,0.23271846771240234,
0.6,single_points,2.819286346435547,0.29676109552383423,
0.6,single_points,4.666293144226074,0.6838164925575256,
0.6,single_points,1.9705265760421753,0.20272286236286163,
0.6,single_points,0.706757128238678,0.0012626262614503503,
0.6,single_points,5.608649730682373,0.2044246792793274,
0.6,single_points,2.4037208557128906,0.5280961394309998,
0.6,single_points,3.6902341842651367,0.5457948446273804,
0.6,single_points,4.241115093231201,0.026844529435038567,
0.6,single_points,2.1259822845458984,0.17052043974399567,
0.6,single_points,3.722062826156616,0.5764053463935852,
0.6,u_single,5.17481608646425,0.7048418972332017,1.0
0.6,u_single,5.17481608646425,0.7048418972332017,1.0
0.6,u_single,5.17481608646425,0.7048418972332017,1.0
0.6,u_single,5.17481608646425,0.7048418972332017,1.0
0.6,u_single,5.17481608646425,0.7048418972332017,1.0
0.6,u_single,5.17481608646425,0.7048418972332017,1.0
0.6,u_single,5.17481608646425,0.7048418972332017,1.0
0.6,u_single,4.730434422869666,0.7159530083443129,1.0
0.6,u_single,4.535336917335128,0.7212560386473431,1.0
0.6,u_single,4.535336917335128,0.7212560386473431,1.0
0.6,u_single,4.166641273790931,0.7298418972332017,1.0
0.6,u_single,3.8775736793699007,0.7174681598594643,1.0
0.6,u_single,3.7140517607305106,0.716205533596838,1.0
0.6,u_single,3.216906563724323,0.7157004830917874,1.0
0.6,u_single,2.3367033273812754,0.6979468599033817,1.0
0.6,u_single,1.7096095347588043,0.6549956082564778,1.0
0.6,u_single,0.5648924725277447,0.5967061923583664,1.0
0.6,u_single,0.2753165266915443,0.6148880105401846,1.0
0.6,u_single,0.2617916689937804,0.6174132630654371,1.0
0.6,u_single,0.24124751693119617,0.625142731664471,1.0
0.6,u_single,0.24124751693119617,0.625142731664471,1.0
0.6,u_single,0.24124751693119617,0.625142731664471,1.0
0.6,u_single,0.24124751693119617,0.625142731664471,1.0
0.6,u_single,0.1387119491397271,0.536352657004831,1.0
0.6,u_single,0.10000867727991777,0.5361769872639438,1.0
0.6,u_single,0.10000867727991777,0.5361769872639438,1.0
0.6,u_single,0.10000867727991777,0.5361769872639438,1.0
0.6,u_single,0.10000867727991777,0.5361769872639438,1.0
0.6,u_single,0.10000867727991777,0.5361769872639438,1.0
0.6,u_single,0.10000867727991777,0.5361769872639438,1.0
0.6,u_single,0.10000867727991777,0.5361769872639438,1.0
0.6,u_single,0.10000867727991777,0.5361769872639438,1.0
0.6,u_single,0.09039501864160422,0.3225406236275801,1.0
0.6,u_single,0.07260796541362824,0.014690382081686429,1.0
0.6,u_single,0.07260796541362824,0.014690382081686429,1.0
0.6,u_single,0.07260796541362824,0.014690382081686429,1.0
0.6,u_single,0.07260796541362824,0.014690382081686429,1.0
0.6,u_single,0.07260796541362824,0.014690382081686429,1.0
0.6,u_single,0.07260796541362824,0.014690382081686429,1.0
0.6,u_single,0.07260796541362824,0.014690382081686429,1.0
0.6,u_single,0.07260796541362824,0.014690382081686429,1.0
0.6,u_dp3,13.398144135658661,0.7261104084321476,2.713169521299956
0.6,u_dp3,9.739033044874695,0.7280993412384718,2.1109455423803256
0.6,u_dp3,9.414751445832199,0.7288645586297761,2.0578730786122095
0.6,u_dp3,9.230205153559718,0.7288039525691699,2.0032872200263507
0.6,u_dp3,8.834726977594496,0.7299130434782608,1.9479235836627142
0.6,u_dp3,7.872899605836898,0.7303541501976284,1.8255085638998685
0.6,u_dp3,7.025315533339062,0.731510496267018,1.7047953447518664
0.6,u_dp3,6.882481428672254,0.7337610013175231,1.6875327184892404
0.6,u_dp3,6.209444849412483,0.7427991216512956,1.6666539306104524
0.6,u_dp3,5.784827985749938,0.7404536671058409,1.6693812033377253
0.6,u_dp3,5.568430625209773,0.7372762406675449,1.6704949494949497
0.6,u_dp3,4.952131204085238,0.7362115942028986,1.6720707070707073
0.6,u_dp3,4.0761997557090615,0.7330619235836626,1.6778722002635045
0.6,u_dp3,2.99081579843599,0.7018012296881861,1.6960614844093105
0.6,u_dp3,1.5026412490006988,0.6706013175230565,1.663478260869565
0.6,u_dp3,0.9356748283567382,0.6652841458058849,1.6622551602986384
0.6,u_dp3,0.6524728367623034,0.6721711901624945,1.706032938076416
0.6,u_dp3,0.4653622855718002,0.6659621431708388,1.703911286780852
0.6,u_dp3,0.4332378629984863,0.6678161616161616,1.7030127360562146
0.6,u_dp3,0.41383789793250625,0.6659863855950812,1.7030127360562146
0.6,u_dp3,0.3667155298062526,0.6538873956960913,1.7071853315766359
0.6,u_dp3,0.22942390723806733,0.6046925779534474,1.2973043478260873
0.6,u_dp3,0.2234754328824184,0.604826526130874,1.429011418533158
0.6,u_dp3,0.1743304473391399,0.5657593324549846,1.2635814668423364
0.6,u_dp3,0.10000867727991777,0.5361769872639438,1.0
0.6,u_dp3,0.10000867727991777,0.5361769872639438,1.0
0.6,u_dp3,0.10000867727991777,0.5361769872639438,1.0
0.6,u_dp3,0.10000867727991777,0.5361769872639438,1.0
0.6,u_dp3,0.10000867727991777,0.5361769872639438,1.0
0.6,u_dp3,0.10000867727991777,0.5361769872639438,1.0
0.6,u_dp3,0.10000867727991777,0.5361769872639438,1.0
0.6,u_dp3,0.10000867727991777,0.5361769872639438,1.0
0.6,u_dp3,0.09039501864160422,0.3225406236275801,1.0
0.6,u_dp3,0.07260796541362824,0.014690382081686429,1.0
0.6,u_dp3,0.07260796541362824,0.014690382081686429,1.0
0.6,u_dp3,0.07260796541362824,0.014690382081686429,1.0
0.6,u_dp3,0.07260796541362824,0.014690382081686429,1.0
0.6,u_dp3,0.07260796541362824,0.014690382081686429,1.0
0.6,u_dp3,0.07260796541362824,0.014690382081686429,1.0
0.6,u_dp3,0.07260796541362824,0.014690382081686429,1.0
0.6,u_dp3,0.07260796541362824,0.014690382081686429,1.0
0.6,u_dp3_noom,8.940739456349473,0.7015315766359246,1.7400180061484412
0.6,u_dp3_noom,8.715610285115284,0.7010588493631974,1.6855129556433903
0.6,u_dp3_noom,8.715610285115284,0.7010588493631974,1.6855129556433903
0.6,u_dp3_noom,8.715610285115284,0.7010588493631974,1.6855129556433903
0.6,u_dp3_noom,8.19948271251662,0.7035709266578833,1.6843631971892843
0.6,u_dp3_noom,7.993945711157277,0.7054800175669741,1.6829692577953448
0.6,u_dp3_noom,7.345717404272454,0.7120597277119017,1.6798331137461573
0.6,u_dp3_noom,6.389445091985326,0.7173728590250331,1.6772270531400968
0.6,u_dp3_noom,6.145616193718799,0.7165107597716295,1.6784857268335531
0.6,u_dp3_noom,5.331605312030149,0.7208888888888889,1.677644707949056
0.6,u_dp3_noom,4.519077715573601,0.7386424242424243,1.6696056214317083
0.6,u_dp3_noom,4.239097345683022,0.741632059727712,1.6679227053140098
0.6,u_dp3_noom,4.006771521563194,0.7504946859903382,1.6636701800614846
0.6,u_dp3_noom,3.335630041796843,0.7339399209486166,1.6732055335968379
0.6,u_dp3_noom,1.4407507427007116,0.6812657004830917,1.570008344312692
0.6,u_dp3_noom,1.0306510276244032,0.6781971892841457,1.6633197189284143
0.6,u_dp3_noom,0.5734992189158864,0.6630395256916997,1.706036890645586
0.6,u_dp3_noom,0.4210400703833305,0.6683205972771191,1.7030127360562146
0.6,u_dp3_noom,0.4150278800191046,0.6699872639437857,1.7030127360562146
0.6,u_dp3_noom,0.4108605217632719,0.6720065876152834,1.7030127360562146
0.6,u_dp3_noom,0.40439325007936333,0.6678539306104524,1.7041045234958279
0.6,u_dp3_noom,0.24253332266515493,0.6059317523056653,1.5914018445322793
0.6,u_dp3_noom,0.21373261320738873,0.5976829161176987,1.5928405797101453
0.6,u_dp3_noom,0.19078376307361708,0.5768392621870883,1.6428910847606502
0.6,u_dp3_noom,0.10000867727991777,0.5361769872639438,1.0
0.6,u_dp3_noom,0.10000867727991777,0.5361769872639438,1.0
0.6,u_dp3_noom,0.10000867727991777,0.5361769872639438,1.0
0.6,u_dp3_noom,0.10000867727991777,0.5361769872639438,1.0
0.6,u_dp3_noom,0.10000867727991777,0.5361769872639438,1.0
0.6,u_dp3_noom,0.10000867727991777,0.5361769872639438,1.0
0.6,u_dp3_noom,0.10000867727991777,0.5361769872639438,1.0
0.6,u_dp3_noom,0.10000867727991777,0.5361769872639438,1.0
0.6,u_dp3_noom,0.09715752400475038,0.46370223978919634,1.0
0.6,u_dp3_noom,0.07260796541362824,0.014690382081686429,1.0
0.6,u_dp3_noom,0.07260796541362824,0.014690382081686429,1.0
0.6,u_dp3_noom,0.07260796541362824,0.014690382081686429,1.0
0.6,u_dp3_noom,0.07260796541362824,0.014690382081686429,1.0
0.6,u_dp3_noom,0.07260796541362824,0.014690382081686429,1.0
0.6,u_dp3_noom,0.07260796541362824,0.014690382081686429,1.0
0.6,u_dp3_noom,0.07260796541362824,0.014690382081686429,1.0
0.6,u_dp3_noom,0.07260796541362824,0.014690382081686429,1.0
0.6,u_single_emp,5.167924121663558,0.6801493192797541,1.0
0.6,u_single_emp,5.167924121663558,0.6801493192797541,1.0
0.6,u_single_emp,5.167924121663558,0.6801493192797541,1.0
0.6,u_single_emp,5.167924121663558,0.6801493192797541,1.0
0.6,u_single_emp,5.167924121663558,0.6801493192797541,1.0
0.6,u_single_emp,4.720928574494484,0.6823232323232323,1.0
0.6,u_single_emp,4.525831068959946,0.6876262626262626,1.0
0.6,u_single_emp,4.525831068959946,0.6876262626262626,1.0
0.6,u_single_emp,3.9954618137122035,0.6934343434343435,1.0
0.6,u_single_emp,3.6267661701680063,0.7020202020202021,1.0
0.6,u_single_emp,3.2860449635097733,0.6979468599033817,1.0
0.6,u_single_emp,2.675221686208515,0.7181488801054018,1.0
0.6,u_single_emp,2.4036110289849675,0.7272068511198946,1.0
0.6,u_single_emp,2.3560262975145125,0.7350351339481773,1.0
0.6,u_single_emp,2.3560262975145125,0.7350351339481773,1.0
0.6,u_single_emp,2.207414212198597,0.723671497584541,1.0
0.6,u_single_emp,0.6982582975043166,0.6054347826086957,1.0
0.6,u_single_emp,0.2617916689937804,0.6174132630654371,1.0
0.6,u_single_emp,0.2617916689937804,0.6174132630654371,1.0
0.6,u_single_emp,0.24124751693119617,0.625142731664471,1.0
0.6,u_single_emp,0.24124751693119617,0.625142731664471,1.0
0.6,u_single_emp,0.24124751693119617,0.625142731664471,1.0
0.6,u_single_emp,0.24124751693119617,0.625142731664471,1.0
0.6,u_single_emp,0.11878687653180946,0.5306214317083883,1.0
0.6,u_single_emp,0.10000867727991777,0.5361769872639438,1.0
0.6,u_single_emp,0.10000867727991777,0.5361769872639438,1.0
0.6,u_single_emp,0.10000867727991777,0.5361769872639438,1.0
0.6,u_single_emp,0.10000867727991777,0.5361769872639438,1.0
0.6,u_single_emp,0.10000867727991777,0.5361769872639438,1.0
0.6,u_single_emp,0.10000867727991777,0.5361769872639438,1.0
0.6,u_single_emp,0.10000867727991777,0.5361769872639438,1.0
0.6,u_single_emp,0.10000867727991777,0.5361769872639438,1.0
0.6,u_single_emp,0.10000867727991777,0.5361769872639438,1.0
0.6,u_single_emp,0.07260796541362824,0.014690382081686429,1.0
0.6,u_single_emp,0.07260796541362824,0.014690382081686429,1.0
0.6,u_single_emp,0.07260796541362824,0.014690382081686429,1.0
0.6,u_single_emp,0.07260796541362824,0.014690382081686429,1.0
0.6,u_single_emp,0.07260796541362824,0.014690382081686429,1.0
0.6,u_single_emp,0.07260796541362824,0.014690382081686429,1.0
0.6,u_single_emp,0.07260796541362824,0.014690382081686429,1.0
0.6,u_single_emp,0.07260796541362824,0.014690382081686429,1.0
0.6,u_dp3_emp,12.64910829491588,0.7389793588054457,2.7414866051822577
0.6,u_dp3_emp,10.515213820140143,0.7393756697408873,2.434995608256478
0.6,u_dp3_emp,10.244488021473066,0.7373150636802811,2.375450153711023
0.6,u_dp3_emp,9.28574857060218,0.7369065436978481,2.2710206411945544
0.6,u_dp3_emp,8.132153976636298,0.7396736934563023,2.158541062801932
0.6,u_dp3_emp,6.833705192004831,0.7371450153711024,1.7797167325428196
0.6,u_dp3_emp,6.682591038346697,0.736333421168204,1.7278616600790515
0.6,u_dp3_emp,5.845833509182297,0.7408664031620554,1.6719020641194555
0.6,u_dp3_emp,5.5529715540119575,0.7430079929732103,1.6705046113306983
0.6,u_dp3_emp,4.996793475763024,0.7464178304787001,1.6686763285024155
0.6,u_dp3_emp,4.604949649482278,0.7435449275362319,1.6835458937198071
0.6,u_dp3_emp,3.920107692503876,0.7423538866930173,1.6827360562143172
0.6,u_dp3_emp,3.223206020334018,0.7296632411067193,1.6236886253842777
0.6,u_dp3_emp,2.182303762813118,0.7120953008344312,1.5914137022397894
0.6,u_dp3_emp,1.2805106227622745,0.6859591567852437,1.567974088713219
0.6,u_dp3_emp,1.0132967032774087,0.6799121651295563,1.661614844093105
0.6,u_dp3_emp,0.733243320226293,0.6740109793588053,1.6923561703996486
0.6,u_dp3_emp,0.49860711160129717,0.6717500219587175,1.7047698726394376
0.6,u_dp3_emp,0.4527969579229742,0.6741015371102326,1.703911286780852
0.6,u_dp3_emp,0.42605388311718484,0.6678184453227931,1.7030127360562146
0.6,u_dp3_emp,0.31240265167414244,0.6308440931049627,1.4367250768555118
0.6,u_dp3_emp,0.23226515907239614,0.6096881862099254,1.2329205094422486
0.6,u_dp3_emp,0.22601963120666865,0.6037834870443566,1.3619003074220468
0.6,u_dp3_emp,0.14379817385068608,0.5433552920509442,1.0994444444444444
0.6,u_dp3_emp,0.10000867727991777,0.5361769872639438,1.0
0.6,u_dp3_emp,0.10000867727991777,0.5361769872639438,1.0
0.6,u_dp3_emp,0.10000867727991777,0.5361769872639438,1.0
0.6,u_dp3_emp,0.10000867727991777,0.5361769872639438,1.0
0.6,u_dp3_emp,0.10000867727991777,0.5361769872639438,1.0
0.6,u_dp3_emp,0.10000867727991777,0.5361769872639438,1.0
0.6,u_dp3_emp,0.10000867727991777,0.5361769872639438,1.0
0.6,u_dp3_emp,0.10000867727991777,0.5361769872639438,1.0
0.6,u_dp3_emp,0.10000867727991777,0.5361769872639438,1.0
0.6,u_dp3_emp,0.07260796541362824,0.014690382081686429,1.0
0.6,u_dp3_emp,0.07260796541362824,0.014690382081686429,1.0
0.6,u_dp3_emp,0.07260796541362824,0.014690382081686429,1.0
0.6,u_dp3_emp,0.07260796541362824,0.014690382081686429,1.0
0.6,u_dp3_emp,0.07260796541362824,0.014690382081686429,1.0
0.6,u_dp3_emp,0.07260796541362824,0.014690382081686429,1.0
0.6,u_dp3_emp,0.07260796541362824,0.014690382081686429,1.0
0.6,u_dp3_emp,0.07260796541362824,0.014690382081686429,1.0
0.6,u_dp3_raw,12.572014821248432,0.7392945103205972,2.7414866051822577
0.6,u_dp3_raw,10.491336791573124,0.736983750548968,2.450450153711023
0.6,u_dp3_raw,10.107162398601998,0.7365312252964428,2.375450153711023
0.6,u_dp3_raw,9.042536482996843,0.7384257356170401,2.2664549846288975
0.6,u_dp3_raw,8.044658369165989,0.7399530083443129,2.1507795344751863
0.6,u_dp3_raw,6.839373867658091,0.7371692577953449,1.779201581027668
0.6,u_dp3_raw,6.677556353459258,0.7357394817742645,1.7278616600790515
0.6,u_dp3_raw,5.9260684523095835,0.7406849363197191,1.6719020641194555
0.6,u_dp3_raw,5.415534040007275,0.7434564778216952,1.6696359244620116
0.6,u_dp3_raw,4.8540459371095865,0.7438683355292052,1.6690803689064562
0.6,u_dp3_raw,4.410385031961974,0.7433129556433904,1.683787439613527
0.6,u_dp3_raw,3.7842533891016696,0.7394043917435221,1.6842310057092669
0.6,u_dp3_raw,3.033714271606699,0.7328449714536672,1.7052555994729908
0.6,u_dp3_raw,2.0613329411407615,0.7077444005270092,1.6433711023276243
0.6,u_dp3_raw,1.149177703148681,0.6849978041282387,1.6476438296003513
0.6,u_dp3_raw,1.0229193585284437,0.6797505489679402,1.6615744400527008
0.6,u_dp3_raw,0.7048803910452466,0.6728844093104962,1.6922209046991656
0.6,u_dp3_raw,0.49860711160129717,0.6717500219587175,1.7047698726394376
0.6,u_dp3_raw,0.4457845161240098,0.6731199824330257,1.703911286780852
0.6,u_dp3_raw,0.4346655989876333,0.6721760210803687,1.7030127360562146
0.6,u_dp3_raw,0.2842985237543772,0.6267494949494948,1.409498023715415
0.6,u_dp3_raw,0.2288182946015354,0.6074066754501537,1.2961989459815546
0.6,u_dp3_raw,0.22481312200405784,0.6052810715854194,1.39523364075538
0.6,u_dp3_raw,0.12739760812402234,0.5338098375054898,1.0333333333333334
0.6,u_dp3_raw,0.10000867727991777,0.5361769872639438,1.0
0.6,u_dp3_raw,0.10000867727991777,0.5361769872639438,1.0
0.6,u_dp3_raw,0.10000867727991777,0.5361769872639438,1.0
0.6,u_dp3_raw,0.10000867727991777,0.5361769872639438,1.0
0.6,u_dp3_raw,0.10000867727991777,0.5361769872639438,1.0
0.6,u_dp3_raw,0.10000867727991777,0.5361769872639438,1.0
0.6,u_dp3_raw,0.10000867727991777,0.5361769872639438,1.0
0.6,u_dp3_raw,0.10000867727991777,0.5361769872639438,1.0
0.6,u_dp3_raw,0.09652439703429458,0.4571365832235398,1.0
0.6,u_dp3_raw,0.07260796541362824,0.014690382081686429,1.0
0.6,u_dp3_raw,0.07260796541362824,0.014690382081686429,1.0
0.6,u_dp3_raw,0.07260796541362824,0.014690382081686429,1.0
0.6,u_dp3_raw,0.07260796541362824,0.014690382081686429,1.0
0.6,u_dp3_raw,0.07260796541362824,0.014690382081686429,1.0
0.6,u_dp3_raw,0.07260796541362824,0.014690382081686429,1.0
0.6,u_dp3_raw,0.07260796541362824,0.014690382081686429,1.0
0.6,u_dp3_raw,0.07260796541362824,0.014690382081686429,1.0
0.6,u_dp3_emp_indep,8.715610285115284,0.7010588493631974,1.6855129556433903
0.6,u_dp3_emp_indep,8.715610285115284,0.7010588493631974,1.6855129556433903
0.6,u_dp3_emp_indep,8.715610285115284,0.7010588493631974,1.6855129556433903
0.6,u_dp3_emp_indep,8.058048774880644,0.703909090909091,1.6843342116820377
0.6,u_dp3_emp_indep,7.757972633660494,0.7066666666666668,1.682505928853755
0.6,u_dp3_emp_indep,7.660975634954193,0.706985507246377,1.682505928853755
0.6,u_dp3_emp_indep,6.597266423621563,0.7118339920948618,1.6803140096618354
0.6,u_dp3_emp_indep,6.058480743215541,0.7195208607817304,1.6769503732981994
0.6,u_dp3_emp_indep,5.462429686864426,0.7288282828282828,1.6743113746157225
0.6,u_dp3_emp_indep,4.670907271340247,0.7413232323232324,1.6691800614844092
0.6,u_dp3_emp_indep,4.1833796782430515,0.748062362758015,1.6655287659200704
0.6,u_dp3_emp_indep,3.9792005077645767,0.7566179183135706,1.6626499780412827
0.6,u_dp3_emp_indep,3.9254341957536925,0.7575625823451911,1.6626499780412827
0.6,u_dp3_emp_indep,2.9063191813285614,0.718471673254282,1.6883772507685548
0.6,u_dp3_emp_indep,1.2275365066888546,0.6829042599912165,1.7144510320597277
0.6,u_dp3_emp_indep,0.8886071249604566,0.694530522617479,1.706036890645586
0.6,u_dp3_emp_indep,0.5391446193380508,0.6614132630654371,1.706036890645586
0.6,u_dp3_emp_indep,0.4150278800191046,0.6699872639437857,1.7030127360562146
0.6,u_dp3_emp_indep,0.4150278800191046,0.6699872639437857,1.7030127360562146
0.6,u_dp3_emp_indep,0.4108605217632719,0.6720065876152834,1.7030127360562146
0.6,u_dp3_emp_indep,0.4108605217632719,0.6720065876152834,1.7030127360562146
0.6,u_dp3_emp_indep,0.2373122626520943,0.6082077294685991,1.7400931049626704
0.6,u_dp3_emp_indep,0.21204726904951493,0.6050663153271849,1.6920527009222666
0.6,u_dp3_emp_indep,0.18162626463016615,0.5779380764163373,1.6920527009222666
0.6,u_dp3_emp_indep,0.14942755886833325,0.5710320597277119,1.5009863855950814
0.6,u_dp3_emp_indep,0.10000867727991777,0.5361769872639438,1.0
0.6,u_dp3_emp_indep,0.10000867727991777,0.5361769872639438,1.0
0.6,u_dp3_emp_indep,0.10000867727991777,0.5361769872639438,1.0
0.6,u_dp3_emp_indep,0.10000867727991777,0.5361769872639438,1.0
0.6,u_dp3_emp_indep,0.10000867727991777,0.5361769872639438,1.0
0.6,u_dp3_emp_indep,0.10000867727991777,0.5361769872639438,1.0
0.6,u_dp3_emp_indep,0.10000867727991777,0.5361769872639438,1.0
0.6,u_dp3_emp_indep,0.10000867727991777,0.5361769872639438,1.0
0.6,u_dp3_emp_indep,0.07260796541362824,0.014690382081686429,1.0
0.6,u_dp3_emp_indep,0.07260796541362824,0.014690382081686429,1.0
0.6,u_dp3_emp_indep,0.07260796541362824,0.014690382081686429,1.0
0.6,u_dp3_emp_indep,0.07260796541362824,0.014690382081686429,1.0
0.6,u_dp3_emp_indep,0.07260796541362824,0.014690382081686429,1.0
0.6,u_dp3_emp_indep,0.07260796541362824,0.014690382081686429,1.0
0.6,u_dp3_emp_indep,0.07260796541362824,0.014690382081686429,1.0
0.6,u_dp3_emp_indep,0.07260796541362824,0.014690382081686429,1.0
0.6,u_pidx,18.840328792276065,0.7392467000439175,4.050815297321036
0.6,u_pidx,17.829652258179966,0.7373654043039087,3.8567118102766793
0.6,u_pidx,17.7461565281184,0.7372108641194556,3.8444548757136583
0.6,u_pidx,17.607861523367333,0.7372644883618797,3.8180073394817735
0.6,u_pidx,16.40608533509827,0.7368427165568731,3.6064089240228374
0.6,u_pidx,15.530513389231965,0.7376961819938515,3.571561377250769
0.6,u_pidx,14.43564196080288,0.7391262777338603,3.5089204602547217
0.6,u_pidx,13.040016959956349,0.7424771583662715,3.391242097496707
0.6,u_pidx,11.825469717234729,0.7463715239350023,3.3097943399209484
0.6,u_pidx,9.871044082112327,0.7475216288098374,3.0233235766359243
0.6,u_pidx,8.184773766349734,0.7474953633728589,2.710332289855073
0.6,u_pidx,5.88510163625657,0.7479631817303469,2.058877062801932
0.6,u_pidx,4.646632351303121,0.7376197874396137,2.0718701660079053
0.6,u_pidx,3.4344668766448496,0.7202184776460254,2.4183486166007904
0.6,u_pidx,1.9668527811673853,0.6847374559508125,2.840883467720685
0.6,u_pidx,0.995824181157601,0.6776493582784365,2.4939721493192804
0.6,u_pidx,0.7285097778109154,0.683390187790953,2.3941150461133076
0.6,u_pidx,0.5209093251098087,0.6817652483091787,1.9440970259112866
0.6,u_pidx,0.48015439434467927,0.6770269013614404,1.9720160456741325
0.6,u_pidx,0.4188333299428287,0.6717108194993414,1.9364187615283268
0.6,u_pidx,0.3831349403026763,0.6605408871321915,1.8231707334211684
0.6,u_pidx,0.2512009869555338,0.6129044356609573,1.647420377689943
0.6,u_pidx,0.21253479991598342,0.6049552042160737,1.6754163372859028
0.6,u_pidx,0.20394560997334846,0.5973170838823012,1.6599877031181383
0.6,u_pidx,0.10000867727991777,0.5361769872639438,1.0
0.6,u_pidx,0.10000867727991777,0.5361769872639438,1.0
0.6,u_pidx,0.10000867727991777,0.5361769872639438,1.0
0.6,u_pidx,0.10000867727991777,0.5361769872639438,1.0
0.6,u_pidx,0.10000867727991777,0.5361769872639438,1.0
0.6,u_pidx,0.10000867727991777,0.5361769872639438,1.0
0.6,u_pidx,0.10000867727991777,0.5361769872639438,1.0
0.6,u_pidx,0.10000867727991777,0.5361769872639438,1.0
0.6,u_pidx,0.09039501864160422,0.3225406236275801,1.0
0.6,u_pidx,0.07260796541362824,0.014690382081686429,1.0
0.6,u_pidx,0.07260796541362824,0.014690382081686429,1.0
0.6,u_pidx,0.07260796541362824,0.014690382081686429,1.0
0.6,u_pidx,0.07260796541362824,0.014690382081686429,1.0
0.6,u_pidx,0.07260796541362824,0.014690382081686429,1.0
0.6,u_pidx,0.07260796541362824,0.014690382081686429,1.0
0.6,u_pidx,0.07260796541362824,0.014690382081686429,1.0
0.6,u_pidx,0.07260796541362824,0.014690382081686429,1.0
0.6,u_pidx_emp,22.448973593914047,0.7444099506368027,5.195709751427317
0.6,u_pidx_emp,21.389377042141234,0.7448915773386033,4.996798303030303
0.6,u_pidx_emp,21.151497228907143,0.7445371699604741,4.960953696969697
0.6,u_pidx_emp,20.363951530850287,0.7453918158981114,4.861520021080369
0.6,u_pidx_emp,19.657551068680338,0.7463454749231444,4.784857921826966
0.6,u_pidx_emp,18.94909712114922,0.7468775216512956,4.709762979358805
0.6,u_pidx_emp,17.176683920211268,0.7491834413702239,4.52161813614405
0.6,u_pidx_emp,15.527755021705893,0.7522865335090029,4.3378447501097925
0.6,u_pidx_emp,13.61916621467367,0.752741241985068,4.1690196996047435
0.6,u_pidx_emp,11.499615266373834,0.7543109277119016,3.9199807114624505
0.6,u_pidx_emp,8.22150593533981,0.7555665545893719,3.188176323232324
0.6,u_pidx_emp,4.517351107893789,0.758794292841458,2.112006331137461
0.6,u_pidx_emp,3.9643433307984712,0.74922847465964,2.267569791831357
0.6,u_pidx_emp,3.1343417532931444,0.7282915583662715,2.5815717874396134
0.6,u_pidx_emp,1.7450153525463625,0.6828480534036012,2.8459286886253845
0.6,u_pidx_emp,1.0761566888461072,0.6802216720245938,2.6581033113746164
0.6,u_pidx_emp,0.7965340406072787,0.6836447227053138,2.453149494949495
0.6,u_pidx_emp,0.5720739713165367,0.6808363854194115,1.9812883548528768
0.6,u_pidx_emp,0.5016442096818147,0.6791502376811593,1.9514682547211242
0.6,u_pidx_emp,0.44171986658331475,0.6725427667984191,1.9494699341238473
0.6,u_pidx_emp,0.38420100220985137,0.6587077909530082,1.8451994729907772
0.6,u_pidx_emp,0.2196910907839264,0.6038972332015811,1.5115467720685116
0.6,u_pidx_emp,0.21253479991598342,0.6049552042160737,1.6754163372859028
0.6,u_pidx_emp,0.1963350964918206,0.589953447518665,1.6260685111989466
0.6,u_pidx_emp,0.10000867727991777,0.5361769872639438,1.0
0.6,u_pidx_emp,0.10000867727991777,0.5361769872639438,1.0
0.6,u_pidx_emp,0.10000867727991777,0.5361769872639438,1.0
0.6,u_pidx_emp,0.10000867727991777,0.5361769872639438,1.0
0.6,u_pidx_emp,0.10000867727991777,0.5361769872639438,1.0
0.6,u_pidx_emp,0.10000867727991777,0.5361769872639438,1.0
0.6,u_pidx_emp,0.10000867727991777,0.5361769872639438,1.0
0.6,u_pidx_emp,0.10000867727991777,0.5361769872639438,1.0
0.6,u_pidx_emp,0.10000867727991777,0.5361769872639438,1.0
0.6,u_pidx_emp,0.07260796541362824,0.014690382081686429,1.0
0.6,u_pidx_emp,0.07260796541362824,0.014690382081686429,1.0
0.6,u_pidx_emp,0.07260796541362824,0.014690382081686429,1.0
0.6,u_pidx_emp,0.07260796541362824,0.014690382081686429,1.0
0.6,u_pidx_emp,0.07260796541362824,0.014690382081686429,1.0
0.6,u_pidx_emp,0.07260796541362824,0.014690382081686429,1.0
0.6,u_pidx_emp,0.07260796541362824,0.014690382081686429,1.0
0.6,u_pidx_emp,0.07260796541362824,0.014690382081686429,1.0
0.6,u_pidx_emp_indep,9.343545109548076,0.7197880073781292,1.8707549407114628
0.6,u_pidx_emp_indep,9.283942221700535,0.7196135223539746,1.8707898006148445
0.6,u_pidx_emp_indep,9.183542595670538,0.7199007465963988,1.870550447079491
0.6,u_pidx_emp_indep,8.669982676359771,0.7216282828282828,1.8691108335529207
0.6,u_pidx_emp_indep,8.217682949952362,0.724580955292051,1.8666483021519547
0.6,u_pidx_emp_indep,8.142659940413644,0.7247049148880105,1.866627938515591
0.6,u_pidx_emp_indep,6.939887031084991,0.7327163088274046,1.8602716556873085
0.6,u_pidx_emp_indep,6.3932650369729265,0.7390949733860342,1.855286021958718
0.6,u_pidx_emp_indep,5.876545970543111,0.7446581129556434,1.8510465032938082
0.6,u_pidx_emp_indep,5.240155696600132,0.7521754814229248,1.844945032938077
0.6,u_pidx_emp_indep,4.715702479438433,0.7557801675889327,1.8421600772946862
0.6,u_pidx_emp_indep,4.407325889680214,0.7603353486166007,1.8387321703996489
0.6,u_pidx_emp_indep,4.169233584236134,0.7573406685990338,1.8407150847606502
0.6,u_pidx_emp_indep,2.857464102232647,0.7129775353535356,1.8781616267018002
0.6,u_pidx_emp_indep,1.2080203599941302,0.674710032498902,1.90209109178744
0.6,u_pidx_emp_indep,0.7054601955403957,0.6843489468599036,1.8679284040404043
0.6,u_pidx_emp_indep,0.5800960022366072,0.6788480744839701,1.8836486675450155
0.6,u_pidx_emp_indep,0.5092245283457787,0.6829353985068072,1.8860563232323233
0.6,u_pidx_emp_indep,0.46483679363110303,0.6767866027228809,1.878096885375494
0.6,u_pidx_emp_indep,0.4195683383782044,0.6730655761089152,1.8811977408871319
0.6,u_pidx_emp_indep,0.3870310282604332,0.6619799560825647,1.8374725867369344
0.6,u_pidx_emp_indep,0.2595203280400274,0.6177000439174353,1.859547650417216
0.6,u_pidx_emp_indep,0.21204726904951493,0.6050663153271849,1.6920527009222666
0.6,u_pidx_emp_indep,0.21204726904951493,0.6050663153271849,1.6920527009222666
0.6,u_pidx_emp_indep,0.13281321458727102,0.5620092226613965,1.333076416337286
0.6,u_pidx_emp_indep,0.10000867727991777,0.5361769872639438,1.0
0.6,u_pidx_emp_indep,0.10000867727991777,0.5361769872639438,1.0
0.6,u_pidx_emp_indep,0.10000867727991777,0.5361769872639438,1.0
0.6,u_pidx_emp_indep,0.10000867727991777,0.5361769872639438,1.0
0.6,u_pidx_emp_indep,0.10000867727991777,0.5361769872639438,1.0
0.6,u_pidx_emp_indep,0.10000867727991777,0.5361769872639438,1.0
0.6,u_pidx_emp_indep,0.10000867727991777,0.5361769872639438,1.0
0.6,u_pidx_emp_indep,0.10000867727991777,0.5361769872639438,1.0
0.6,u_pidx_emp_indep,0.07260796541362824,0.014690382081686429,1.0
0.6,u_pidx_emp_indep,0.07260796541362824,0.014690382081686429,1.0
0.6,u_pidx_emp_indep,0.07260796541362824,0.014690382081686429,1.0
0.6,u_pidx_emp_indep,0.07260796541362824,0.014690382081686429,1.0
0.6,u_pidx_emp_indep,0.07260796541362824,0.014690382081686429,1.0
0.6,u_pidx_emp_indep,0.07260796541362824,0.014690382081686429,1.0
0.6,u_pidx_emp_indep,0.07260796541362824,0.014690382081686429,1.0
0.6,u_pidx_emp_indep,0.07260796541362824,0.014690382081686429,1.0
0.6,dec_single_joint,6.397681713104248,0.6699934601783752,
0.6,dec_single_joint,6.115071773529053,0.6687857508659363,
0.6,dec_single_joint,6.115071773529053,0.6687857508659363,
0.6,dec_single_joint,5.752474308013916,0.6745938062667847,
0.6,dec_single_joint,5.465745449066162,0.6763614416122437,
0.6,dec_single_joint,5.465745449066162,0.6763614416122437,
0.6,dec_single_joint,4.890247821807861,0.6877250671386719,
0.6,dec_single_joint,4.608848571777344,0.6937856674194336,
0.6,dec_single_joint,3.8735077381134033,0.6991984844207764,
0.6,dec_single_joint,3.7187864780426025,0.6999560594558716,
0.6,dec_single_joint,3.4446916580200195,0.702228844165802,
0.6,dec_single_joint,2.685858726501465,0.72050940990448,
0.6,dec_single_joint,2.5089752674102783,0.7261857390403748,
0.6,dec_single_joint,2.3714327812194824,0.7274484038352966,
0.6,dec_single_joint,2.3053362369537354,0.731488823890686,
0.6,dec_single_joint,1.9919835329055786,0.6994181275367737,
0.6,dec_single_joint,0.5449262857437134,0.612362802028656,
0.6,dec_single_joint,0.4239618182182312,0.6045344471931458,
0.6,dec_single_joint,0.2617916762828827,0.6174132823944092,
0.6,dec_single_joint,0.2617916762828827,0.6174132823944092,
0.6,dec_single_joint,0.2617916762828827,0.6174132823944092,
0.6,dec_single_joint,0.2412475198507309,0.6251427531242371,
0.6,dec_single_joint,0.21328872442245483,0.5953007936477661,
0.6,dec_single_joint,0.12935487926006317,0.5435001850128174,
0.6,dec_single_joint,0.10962224751710892,0.5321365594863892,
0.6,dec_single_joint,0.10000868141651154,0.5361769199371338,
0.6,dec_single_joint,0.10000868141651154,0.5361769199371338,
0.6,dec_single_joint,0.10000868141651154,0.5361769199371338,
0.6,dec_single_joint,0.10000868141651154,0.5361769199371338,
0.6,dec_single_joint,0.10000868141651154,0.5361769199371338,
0.6,dec_single_joint,0.10000868141651154,0.5361769199371338,
0.6,dec_single_joint,0.10000868141651154,0.5361769199371338,
0.6,dec_single_joint,0.09824338555335999,0.4940052628517151,
0.6,dec_single_joint,0.07260796427726746,0.014690381474792957,
0.6,dec_single_joint,0.07260796427726746,0.014690381474792957,
0.6,dec_single_joint,0.07260796427726746,0.014690381474792957,
0.6,dec_single_joint,0.07260796427726746,0.014690381474792957,
0.6,dec_single_joint,0.07260796427726746,0.014690381474792957,
0.6,dec_single_joint,0.07260796427726746,0.014690381474792957,
0.6,dec_single_joint,0.07260796427726746,0.014690381474792957,
0.6,dec_single_joint,0.07260796427726746,0.014690381474792957,
0.6,dec_escalate_joint,5.9548468589782715,0.7377611398696899,
0.6,dec_escalate_joint,5.800597190856934,0.7390461564064026,
0.6,dec_escalate_joint,5.6445393562316895,0.7418542504310608,
0.6,dec_escalate_joint,5.6445393562316895,0.7418542504310608,
0.6,dec_escalate_joint,5.6445393562316895,0.7418542504310608,
0.6,dec_escalate_joint,5.604806900024414,0.742328941822052,
0.6,dec_escalate_joint,5.604806900024414,0.742328941822052,
0.6,dec_escalate_joint,5.569956302642822,0.7413895726203918,
0.6,dec_escalate_joint,5.424123287200928,0.7441572546958923,
0.6,dec_escalate_joint,5.223550319671631,0.7452986240386963,
0.6,dec_escalate_joint,4.860475540161133,0.7424984574317932,
0.6,dec_escalate_joint,4.125768661499023,0.7431454062461853,
0.6,dec_escalate_joint,3.391265630722046,0.7238972783088684,
0.6,dec_escalate_joint,1.877156376838684,0.6955638527870178,
0.6,dec_escalate_joint,1.2750906944274902,0.7002748250961304,
0.6,dec_escalate_joint,1.1345653533935547,0.7021089792251587,
0.6,dec_escalate_joint,1.0225414037704468,0.6901006698608398,
0.6,dec_escalate_joint,0.6385077834129333,0.6520118713378906,
0.6,dec_escalate_joint,0.39230161905288696,0.6418229341506958,
0.6,dec_escalate_joint,0.3597407639026642,0.634466826915741,
0.6,dec_escalate_joint,0.2600671350955963,0.6193153262138367,
0.6,dec_escalate_joint,0.21930189430713654,0.6165810227394104,
0.6,dec_escalate_joint,0.21930189430713654,0.6165810227394104,
0.6,dec_escalate_joint,0.21930189430713654,0.6165810227394104,
0.6,dec_escalate_joint,0.21930189430713654,0.6165810227394104,
0.6,dec_escalate_joint,0.21930189430713654,0.6165810227394104,
0.6,dec_escalate_joint,0.21930189430713654,0.6165810227394104,
0.6,dec_escalate_joint,0.21930189430713654,0.6165810227394104,
0.6,dec_escalate_joint,0.1323694884777069,0.3279270827770233,
0.6,dec_escalate_joint,0.1323694884777069,0.3279270827770233,
0.6,dec_escalate_joint,0.1323694884777069,0.3279270827770233,
0.6,dec_escalate_joint,0.1323694884777069,0.3279270827770233,
0.6,dec_escalate_joint,0.1323694884777069,0.3279270827770233,
0.6,dec_escalate_joint,0.1323694884777069,0.3279270827770233,
0.6,dec_escalate_joint,0.1323694884777069,0.3279270827770233,
0.6,dec_escalate_joint,0.1323694884777069,0.3279270827770233,
0.6,dec_escalate_joint,0.1323694884777069,0.3279270827770233,
0.6,dec_escalate_joint,0.1323694884777069,0.3279270827770233,
0.6,dec_escalate_joint,0.1323694884777069,0.3279270827770233,
0.6,dec_escalate_joint,0.1323694884777069,0.3279270827770233,
0.6,dec_escalate_joint,0.1323694884777069,0.3279270827770233,
0.6,dec_mixed_joint,9.218489646911621,0.7246894836425781,
0.6,dec_mixed_joint,8.110292434692383,0.7250258326530457,
0.6,dec_mixed_joint,7.976203918457031,0.7259727716445923,
0.6,dec_mixed_joint,7.976203918457031,0.7259727716445923,
0.6,dec_mixed_joint,7.096888542175293,0.7278616428375244,
0.6,dec_mixed_joint,6.746126174926758,0.730251669883728,
0.6,dec_mixed_joint,6.650250434875488,0.7307465672492981,
0.6,dec_mixed_joint,6.062384605407715,0.7335019707679749,
0.6,dec_mixed_joint,5.582565784454346,0.7415220737457275,
0.6,dec_mixed_joint,5.277167320251465,0.7457342743873596,
0.6,dec_mixed_joint,4.441490173339844,0.753146231174469,
0.6,dec_mixed_joint,4.034078121185303,0.7522337436676025,
0.6,dec_mixed_joint,3.052100658416748,0.7310913801193237,
0.6,dec_mixed_joint,1.682887315750122,0.693985104560852,
0.6,dec_mixed_joint,1.171797275543213,0.683374285697937,
0.6,dec_mixed_joint,0.9617018103599548,0.6770448684692383,
0.6,dec_mixed_joint,0.7016194462776184,0.6719337105751038,
0.6,dec_mixed_joint,0.4759560227394104,0.667888879776001,
0.6,dec_mixed_joint,0.43830233812332153,0.6713131666183472,
0.6,dec_mixed_joint,0.4246911406517029,0.6680381894111633,
0.6,dec_mixed_joint,0.320241779088974,0.6339494585990906,
0.6,dec_mixed_joint,0.23654742538928986,0.6140487790107727,
0.6,dec_mixed_joint,0.21692295372486115,0.5996126532554626,
0.6,dec_mixed_joint,0.14127659797668457,0.5510404109954834,
0.6,dec_mixed_joint,0.10962224751710892,0.5321365594863892,
0.6,dec_mixed_joint,0.10000868141651154,0.5361769199371338,
0.6,dec_mixed_joint,0.10000868141651154,0.5361769199371338,
0.6,dec_mixed_joint,0.10000868141651154,0.5361769199371338,
0.6,dec_mixed_joint,0.10000868141651154,0.5361769199371338,
0.6,dec_mixed_joint,0.10000868141651154,0.5361769199371338,
0.6,dec_mixed_joint,0.10000868141651154,0.5361769199371338,
0.6,dec_mixed_joint,0.10000868141651154,0.5361769199371338,
0.6,dec_mixed_joint,0.09824338555335999,0.4940052628517151,
0.6,dec_mixed_joint,0.07260796427726746,0.014690381474792957,
0.6,dec_mixed_joint,0.07260796427726746,0.014690381474792957,
0.6,dec_mixed_joint,0.07260796427726746,0.014690381474792957,
0.6,dec_mixed_joint,0.07260796427726746,0.014690381474792957,
0.6,dec_mixed_joint,0.07260796427726746,0.014690381474792957,
0.6,dec_mixed_joint,0.07260796427726746,0.014690381474792957,
0.6,dec_mixed_joint,0.07260796427726746,0.014690381474792957,
0.6,dec_mixed_joint,0.07260796427726746,0.014690381474792957,
0.6,dec_pandora,5.999067712488323,0.653145582228899,1.9140645586297764
0.6,dec_pandora,0.32769864715521657,0.6053194982310136,1.9503129117259548
0.6,dec_pandora,0.32769864715521657,0.6053194982310136,1.9503129117259548
0.6,dec_pandora,0.32769864715521657,0.6053194982310136,1.9503129117259548
0.6,dec_pandora,0.32769864715521657,0.6053194982310136,1.9503129117259548
0.6,dec_pandora,0.32769864715521657,0.6053194982310136,1.9503129117259548
0.6,dec_pandora,0.32769864715521657,0.6053194982310136,1.9503129117259548
0.6,dec_pandora,0.32769864715521657,0.6053194982310136,1.9503129117259548
0.6,dec_pandora,0.32769864715521657,0.6053194982310136,1.9503129117259548
0.6,dec_pandora,0.32769864715521657,0.6053194982310136,1.9503129117259548
0.6,dec_pandora,0.32769864715521657,0.6053194982310136,1.9503129117259548
0.6,dec_pandora,0.32769864715521657,0.6053194982310136,1.9503129117259548
0.6,dec_pandora,0.32769864715521657,0.6053194982310136,1.9503129117259548
0.6,dec_pandora,0.32769864715521657,0.6053194982310136,1.9503129117259548
0.6,dec_pandora,0.32769864715521657,0.6053194982310136,1.9503129117259548
0.6,dec_pandora,0.32769864715521657,0.6053194982310136,1.9503129117259548
0.6,dec_pandora,0.32769864715521657,0.6053194982310136,1.9503129117259548
0.6,dec_pandora,0.32769864715521657,0.6053194982310136,1.9503129117259548
0.6,dec_pandora,0.32769864715521657,0.6053194982310136,1.9503129117259548
0.6,dec_pandora,0.32769864715521657,0.6053194982310136,1.9503129117259548
0.6,dec_pandora,0.326846893710834,0.6053194982310136,1.9499341238471672
0.6,dec_pandora,0.32268283211464144,0.6056818174819152,1.9477272727272725
0.6,dec_pandora,0.2654375155816501,0.6004776020844778,1.9121870882740448
0.6,dec_pandora,0.2654375155816501,0.6004776020844778,1.9121870882740448
0.6,dec_pandora,0.2654375155816501,0.6004776020844778,1.9121870882740448
0.6,dec_pandora,0.2374353656505403,0.5944664006431898,1.8520586297760213
0.6,dec_pandora,0.2374353656505403,0.5944664006431898,1.8520586297760213
0.6,dec_pandora,0.14938994872712621,0.5561264807979266,1.4922595520421607
0.6,dec_pandora,0.14938994872712621,0.5561264807979266,1.4922595520421607
0.6,dec_pandora,0.10008222892376126,0.5352108038961887,1.0
0.6,dec_pandora,0.10008222892376126,0.5352108038961887,1.0
0.6,dec_pandora,0.10008222892376126,0.5352108038961887,1.0
0.6,dec_pandora,0.10008222892376126,0.5352108038961887,1.0
0.6,dec_pandora,0.10008222892376126,0.5352108038961887,1.0
0.6,dec_pandora,0.10008222892376126,0.5352108038961887,1.0
0.6,dec_pandora,0.10008222892376126,0.5352108038961887,1.0
0.6,dec_pandora,0.10008222892376126,0.5352108038961887,1.0
0.6,dec_pandora,0.10008222892376126,0.5352108038961887,1.0
0.6,dec_pandora,0.10008222892376126,0.5352108038961887,1.0
0.6,dec_pandora,0.10008222892376126,0.5352108038961887,1.0
0.6,dec_pandora,0.10008222892376126,0.5352108038961887,1.0
0.6,dec_revcat,6.049757226333402,0.6658926196396351,1.9311758893280635
0.6,dec_revcat,0.33945824122136126,0.6149044779439767,1.9793642951251647
0.6,dec_revcat,0.33945824122136126,0.6149044779439767,1.9793642951251647
0.6,dec_revcat,0.33945824122136126,0.6149044779439767,1.9793642951251647
0.6,dec_revcat,0.33945824122136126,0.6149044779439767,1.9793642951251647
0.6,dec_revcat,0.33945824122136126,0.6149044779439767,1.9793642951251647
0.6,dec_revcat,0.33945824122136126,0.6149044779439767,1.9793642951251647
0.6,dec_revcat,0.33945824122136126,0.6149044779439767,1.9793642951251647
0.6,dec_revcat,0.33945824122136126,0.6149044779439767,1.9793642951251647
0.6,dec_revcat,0.33945824122136126,0.6149044779439767,1.9793642951251647
0.6,dec_revcat,0.33945824122136126,0.6149044779439767,1.9793642951251647
0.6,dec_revcat,0.33945824122136126,0.6149044779439767,1.9793642951251647
0.6,dec_revcat,0.33945824122136126,0.6149044779439767,1.9793642951251647
0.6,dec_revcat,0.33945824122136126,0.6149044779439767,1.9793642951251647
0.6,dec_revcat,0.33945824122136126,0.6149044779439767,1.9793642951251647
0.6,dec_revcat,0.33945824122136126,0.6149044779439767,1.9793642951251647
0.6,dec_revcat,0.33945824122136126,0.6149044779439767,1.9793642951251647
0.6,dec_revcat,0.33945824122136126,0.6149044779439767,1.9793642951251647
0.6,dec_revcat,0.33945824122136126,0.6149044779439767,1.9793642951251647
0.6,dec_revcat,0.33945824122136126,0.6149044779439767,1.9793642951251647
0.6,dec_revcat,0.336252012824252,0.6145256899297238,1.9774703557312252
0.6,dec_revcat,0.2724701192979094,0.6115118563175201,1.9371541501976284
0.6,dec_revcat,0.26912172712534127,0.6099802357455094,1.9337615283267457
0.6,dec_revcat,0.26912172712534127,0.6099802357455094,1.9337615283267457
0.6,dec_revcat,0.26459726584254367,0.607328720887502,1.926218708827404
0.6,dec_revcat,0.23979477814339809,0.6066534914076328,1.874703557312253
0.6,dec_revcat,0.23844937150383785,0.6070322789251804,1.869532279314888
0.6,dec_revcat,0.15095869346426086,0.5525032927592596,1.510243741765481
0.6,dec_revcat,0.15095869346426086,0.5525032927592596,1.510243741765481
0.6,dec_revcat,0.10008222892376126,0.5352108038961887,1.0
0.6,dec_revcat,0.10008222892376126,0.5352108038961887,1.0
0.6,dec_revcat,0.10008222892376126,0.5352108038961887,1.0
0.6,dec_revcat,0.10008222892376126,0.5352108038961887,1.0
0.6,dec_revcat,0.10008222892376126,0.5352108038961887,1.0
0.6,dec_revcat,0.10008222892376126,0.5352108038961887,1.0
0.6,dec_revcat,0.10008222892376126,0.5352108038961887,1.0
0.6,dec_revcat,0.10008222892376126,0.5352108038961887,1.0
0.6,dec_revcat,0.10008222892376126,0.5352108038961887,1.0
0.6,dec_revcat,0.10008222892376126,0.5352108038961887,1.0
0.6,dec_revcat,0.10008222892376126,0.5352108038961887,1.0
0.6,dec_revcat,0.10008222892376126,0.5352108038961887,1.0
